config,epoch,loss,cos10_test
baseline_U1_K1,1,0.38860565627614657,0.5393437550216913
baseline_U1_K1,2,0.24464154904087385,0.6355298846960068
baseline_U1_K1,3,0.18947792870302996,0.7195799481868744
baseline_U1_K1,4,0.1740141469736894,0.7121566879749298
baseline_U1_K1,5,0.15491440432767073,0.7388484728336334
baseline_U1_K1,6,0.15203079854448637,0.7538963913917541
baseline_U1_K1,7,0.1403118154158195,0.7807298088073731
baseline_U1_K1,8,0.13615109704434872,0.7920967900753021
baseline_U1_K1,9,0.12169413901865482,0.7891773837804794
baseline_U1_K1,10,0.13560120126853387,0.7857873618602753
baseline_U1_K1,11,0.1238092195863525,0.7969709980487824
baseline_U1_K1,12,0.11940355341881513,0.7947230994701385
baseline_U1_K1,13,0.11755605696390073,0.8114256292581559
baseline_U1_K1,14,0.11597909837961197,0.807024335861206
baseline_U1_K1,15,0.124975979787608,0.8112040448188782
baseline_U1_K1,16,0.10936559945344924,0.8250163912773132
baseline_U1_K1,17,0.1067457686488827,0.8197338628768921
baseline_U1_K1,18,0.10008501133571068,0.8329424238204957
baseline_U1_K1,19,0.10282569605857134,0.8020580756664276
baseline_U1_K1,20,0.09509632686773936,0.8314053392410279
baseline_U1_K1,21,0.09515515961994728,0.8289996230602265
baseline_U1_K1,22,0.09461005331327518,0.8368773770332336
baseline_U1_K1,23,0.08897205546498299,0.8303642129898071
baseline_U1_K1,24,0.09190382855633894,0.8541729879379273
baseline_U1_K1,25,0.08819799543668827,0.8439766156673432
baseline_U1_K1,26,0.08570299544682106,0.8487807309627533
baseline_U1_K1,27,0.08107490628957749,0.8391688120365143
baseline_U1_K1,28,0.08584222958733638,0.8474215197563172
baseline_U1_K1,29,0.09501842591911554,0.8602836227416992
baseline_U1_K1,30,0.0817037606984377,0.8418952614068985
baseline_U1_K1,31,0.0894479398181041,0.8496163952350616
baseline_U1_K1,32,0.08206860531121492,0.8410224163532257
baseline_U1_K1,33,0.08124772090464831,0.8470563852787018
baseline_U1_K1,34,0.084372852469484,0.8511231100559234
baseline_U1_K1,35,0.08067051144316792,0.8689026045799255
baseline_U1_K1,36,0.07850081901997327,0.8617312252521515
baseline_U1_K1,37,0.08672970241556564,0.8618883764743805
baseline_U1_K1,38,0.08689744125430783,0.855451534986496
baseline_U1_K1,39,0.08663054514676333,0.8397559779882431
baseline_U1_K1,40,0.07892991534123818,0.8689068555831909
baseline_U1_K1,41,0.07907509775211413,0.8465850502252579
baseline_U1_K1,42,0.0780551539734006,0.8677441191673279
baseline_U1_K1,43,0.07978729226936897,0.8826151967048645
baseline_U1_K1,44,0.08101983901113272,0.855974074602127
baseline_U1_K1,45,0.08177272224177917,0.8457984405755997
baseline_U1_K1,46,0.0771091948201259,0.8637244272232055
baseline_U1_K1,47,0.07935027450323105,0.8649807024002075
baseline_U1_K1,48,0.08163490638757745,0.8710306310653686
baseline_U1_K1,49,0.07685187838350734,0.8494979298114776
baseline_U1_K1,50,0.07391523977120718,0.8644261527061462
baseline_U1_K1,51,0.07719171424085895,0.8662119221687317
baseline_U1_K1,52,0.07611659247428179,0.8796068215370179
baseline_U1_K1,53,0.07439812136813999,0.8814979124069214
baseline_U1_K1,54,0.0727971478117009,0.8781376695632934
baseline_U1_K1,55,0.07278790157288313,0.8714104521274567
baseline_U1_K1,56,0.0718123571947217,0.8550414842367172
baseline_U1_K1,57,0.0661158053825299,0.8578635632991791
baseline_U1_K1,58,0.07230398355051876,0.8762058961391449
baseline_U1_K1,59,0.07471914718548457,0.8592635089159012
baseline_U1_K1,60,0.0721146283360819,0.8597775816917419
baseline_U1_K1,61,0.06913897731651862,0.8734044134616852
baseline_U1_K1,62,0.0682773478453358,0.8863432657718658
baseline_U1_K1,63,0.07187895126640796,0.8735314285755158
baseline_U1_K1,64,0.08077044509351254,0.857609035372734
baseline_U1_K1,65,0.07126977895696958,0.8779790246486664
baseline_U1_K1,66,0.08372974853341777,0.8632857990264893
baseline_U1_K1,67,0.07062469961121678,0.8874034988880157
baseline_U1_K1,68,0.07692848469441135,0.884807996749878
baseline_U1_K1,69,0.07596830002342661,0.8887645494937897
baseline_U1_K1,70,0.07601895631601413,0.8809369921684265
baseline_U1_K1,71,0.07422081181779504,0.8711366087198258
baseline_U1_K1,72,0.07424527018641432,0.8844362533092499
baseline_U1_K1,73,0.069580888338387,0.877080590724945
baseline_U1_K1,74,0.07377492159605026,0.8836477774381638
baseline_U1_K1,75,0.06906791708121697,0.8856176102161407
baseline_U1_K1,76,0.06876837609956662,0.8821260130405426
baseline_U1_K1,77,0.07882344476878643,0.8867111337184906
baseline_U1_K1,78,0.06914802147696415,0.8819462943077088
baseline_U1_K1,79,0.07099281769866744,0.8841671848297119
baseline_U1_K1,80,0.06950868948052327,0.8832372784614563
baseline_U1_K1,81,0.07284293474008639,0.8523881882429123
baseline_U1_K1,82,0.06798504272475839,0.8622047504037619
baseline_U1_K1,83,0.07402512174099683,0.8451728057861329
baseline_U1_K1,84,0.07241019016752641,0.8548915116116405
baseline_U1_K1,85,0.06788826375578841,0.8839755141735077
baseline_U1_K1,86,0.07639431309575836,0.8635529971122742
baseline_U1_K1,87,0.07481268090506395,0.8851240253448487
baseline_U1_K1,88,0.06482338244716326,0.8810686212778092
baseline_U1_K1,89,0.06604061486199499,0.9005573284626007
baseline_U1_K1,90,0.06889183750996987,0.8894867765903473
baseline_U1_K1,91,0.06949265290051698,0.8988240051269532
baseline_U1_K1,92,0.06890567715590198,0.8865219902992248
baseline_U1_K1,93,0.06000299848616123,0.8706187105178833
baseline_U1_K1,94,0.06752440996468068,0.8754223304986953
baseline_U1_K1,95,0.06460412674273054,0.8879262495040894
baseline_U1_K1,96,0.06868631701916456,0.8941074109077454
baseline_U1_K1,97,0.07123672379180788,0.8803156542778016
baseline_U1_K1,98,0.06816712942595284,0.8756927061080932
baseline_U1_K1,99,0.07980770664289594,0.8872887516021728
baseline_U1_K1,100,0.06819426852588852,0.8905893802642822
baseline_U1_K1,101,0.06567144657174746,0.8652136480808258
baseline_U1_K1,102,0.06418316503365834,0.8890148746967316
baseline_U1_K1,103,0.0683207920504113,0.8824420285224914
baseline_U1_K1,104,0.06842905489727855,0.884451892375946
baseline_U1_K1,105,0.061173251854876674,0.8801775515079499
baseline_U1_K1,106,0.06807842874278625,0.8898215067386627
baseline_U1_K1,107,0.06564596808205048,0.8908933472633361
baseline_U1_K1,108,0.06097086869180202,0.885266147851944
baseline_U1_K1,109,0.06539284937083721,0.8837534183263779
baseline_U1_K1,110,0.06670197945088148,0.8958233666419982
baseline_U1_K1,111,0.05676533645639817,0.8858305168151855
baseline_U1_K1,112,0.06742158073931932,0.8737253725528717
baseline_U1_K1,113,0.062442267450193566,0.8995939660072326
baseline_U1_K1,114,0.06949881484732032,0.9009370756149292
baseline_U1_K1,115,0.06375317874674996,0.8746583351492881
baseline_U1_K1,116,0.06927345012625058,0.8984048986434936
baseline_U1_K1,117,0.06625823630640904,0.8733457139134407
baseline_U1_K1,118,0.06062998417764902,0.88270463347435
baseline_U1_K1,119,0.06064460353925824,0.8787034857273102
baseline_U1_K1,120,0.05975217279667656,0.8818352127075195
baseline_U1_K1,121,0.06806836587687333,0.8801260280609131
baseline_U1_K1,122,0.068615550690641,0.8925794929265976
baseline_U1_K1,123,0.06595976190641523,0.9034395909309387
baseline_U1_K1,124,0.06163638817767302,0.8883420526981354
baseline_U1_K1,125,0.05750161185860634,0.8718464154005051
baseline_U1_K1,126,0.05890387648095687,0.8958524733781814
baseline_U1_K1,127,0.06845031516005595,0.874745654463768
baseline_U1_K1,128,0.05870272159576416,0.8927109289169312
baseline_U1_K1,129,0.06497620038688183,0.8922516453266144
baseline_U1_K1,130,0.06227289049575726,0.8954743462800979
baseline_U1_K1,131,0.0679319170800348,0.9072610414028168
baseline_U1_K1,132,0.06574037031581005,0.8748745673894882
baseline_U1_K1,133,0.061753364981462555,0.896762136220932
baseline_U1_K1,134,0.062410652935504914,0.8988645005226136
baseline_U1_K1,135,0.06772744876643022,0.8718601238727569
baseline_U1_K1,136,0.06731244585166375,0.8741190552711486
baseline_U1_K1,137,0.07245095404485861,0.8926923620700836
baseline_U1_K1,138,0.06664775344232718,0.8956782031059265
baseline_U1_K1,139,0.07195865133156379,0.8838353407382965
baseline_U1_K1,140,0.06258489456027747,0.8853029769659042
baseline_U1_K1,141,0.06403262610236804,0.9007286179065704
baseline_U1_K1,142,0.0626060417542855,0.8890740823745727
baseline_U1_K1,143,0.06338600847870111,0.889829986691475
baseline_U1_K1,144,0.06233253340547284,0.8980458968877792
baseline_U1_K1,145,0.06581496429319184,0.8954800760746002
baseline_U1_K1,146,0.07298855563625693,0.8862036776542663
baseline_U1_K1,147,0.0645788813320299,0.8765415680408478
baseline_U1_K1,148,0.06201385567585627,0.9004671466350556
baseline_U1_K1,149,0.053691599251081544,0.8907369256019593
baseline_U1_K1,150,0.06821783795331915,0.8809137868881226
baseline_U1_K1,151,0.06411069818461934,0.8978038430213928
baseline_U1_K1,152,0.06349215363462767,0.891809549331665
baseline_U1_K1,153,0.058369244697193304,0.8869796526432038
baseline_U1_K1,154,0.061366354456792276,0.8830198511481285
baseline_U1_K1,155,0.06345978167528908,0.8975516271591186
baseline_U1_K1,156,0.06070081832508246,0.8807310432195663
baseline_U1_K1,157,0.07001339100922148,0.8899851977825165
baseline_U1_K1,158,0.06327453382934133,0.8998905372619629
baseline_U1_K1,159,0.05910237845654289,0.9042740941047669
baseline_U1_K1,160,0.07430698872854312,0.8735030007362365
baseline_U1_K1,161,0.06295513721182942,0.899517822265625
baseline_U1_K1,162,0.05872609962398807,0.8714593040943146
baseline_U1_K1,163,0.06356200526778896,0.9109718155860901
baseline_U1_K1,164,0.06603405186906457,0.8958855950832367
baseline_U1_K1,165,0.06323553576444586,0.9014493918418884
baseline_U1_K1,166,0.06071817963073651,0.8897523510456086
baseline_U1_K1,167,0.0601734190620482,0.8906325393915177
baseline_U1_K1,168,0.0686359172873199,0.8900423955917358
baseline_U1_K1,169,0.06217914280792077,0.8939130699634552
baseline_U1_K1,170,0.06539557525888086,0.8872559976577759
baseline_U1_K1,171,0.06059254333997766,0.9007832372188568
baseline_U1_K1,172,0.06791249513005217,0.886314685344696
baseline_U1_K1,173,0.06722830927620331,0.877135922908783
baseline_U1_K1,174,0.06203361338625352,0.9099511897563934
baseline_U1_K1,175,0.06038097643603881,0.8985726833343506
baseline_U1_K1,176,0.06871744704122344,0.8940033435821533
baseline_U1_K1,177,0.058305413493265706,0.8829941833019257
baseline_U1_K1,178,0.06859562809889515,0.8825755345821381
baseline_U1_K1,179,0.06257583962132533,0.8665883162617684
baseline_U1_K1,180,0.059183211866766214,0.8928079599142075
baseline_U1_K1,181,0.06332046138122678,0.8742991948127746
baseline_U1_K1,182,0.060295465768625336,0.910610420703888
baseline_U1_K1,183,0.057670101237793765,0.9073237228393555
baseline_U1_K1,184,0.05963258504867554,0.8917125874757766
baseline_U1_K1,185,0.05815759641428789,0.8508946871757508
baseline_U1_K1,186,0.05442700467382868,0.876238574385643
baseline_U1_K1,187,0.05983473970244328,0.8989874613285065
baseline_U1_K1,188,0.06272238379344344,0.8896875822544098
baseline_U1_K1,189,0.06416905307521423,0.8853498089313507
baseline_U1_K1,190,0.06301046634092927,0.8807960259914398
baseline_U1_K1,191,0.0638881483177344,0.8917665731906891
baseline_U1_K1,192,0.06623496217653155,0.8839089632034302
baseline_U1_K1,193,0.05246733693405986,0.9131672763824463
baseline_U1_K1,194,0.06364057055364053,0.9052560794353485
baseline_U1_K1,195,0.07140593621879816,0.8956322622299194
baseline_U1_K1,196,0.06791710001726946,0.895225180387497
baseline_U1_K1,197,0.06188458305473129,0.8864111077785491
baseline_U1_K1,198,0.06078378360097607,0.9090931010246277
baseline_U1_K1,199,0.05905562996864319,0.8750944310426712
baseline_U1_K1,200,0.060802237105866276,0.9026254832744598
prop_U1_K4,1,0.53232097585996,0.4994592635333538
prop_U1_K4,2,0.29367499833305677,0.6379897218942642
prop_U1_K4,3,0.20524795688688754,0.730020489692688
prop_U1_K4,4,0.17688801862299441,0.7134816796332598
prop_U1_K4,5,0.1663194415718317,0.7379486113786697
prop_U1_K4,6,0.16152294692893823,0.7596685320138932
prop_U1_K4,7,0.1554014017432928,0.7832725918293
prop_U1_K4,8,0.1481604773302873,0.7973621249198913
prop_U1_K4,9,0.13304244995117187,0.7844889086484909
prop_U1_K4,10,0.14249517872929574,0.8006539952754974
prop_U1_K4,11,0.1273054371898373,0.8105658972263337
prop_U1_K4,12,0.12902169119566678,0.8067072141170502
prop_U1_K4,13,0.12451482318341732,0.8180240577459336
prop_U1_K4,14,0.11834157717724642,0.8157292610406875
prop_U1_K4,15,0.12917159424473842,0.8232530736923218
prop_U1_K4,16,0.11113076732804378,0.8412147629261016
prop_U1_K4,17,0.10541769561668236,0.8327526724338532
prop_U1_K4,18,0.10116383519023657,0.8434949207305908
prop_U1_K4,19,0.1009901212900877,0.8274159842729568
prop_U1_K4,20,0.09232176893701156,0.8451003789901733
prop_U1_K4,21,0.08939860809594392,0.8451511991024018
prop_U1_K4,22,0.09164471372961998,0.8586118233203888
prop_U1_K4,23,0.08510573842873176,0.8500124526023864
prop_U1_K4,24,0.08599343962967396,0.8624586749076844
prop_U1_K4,25,0.0825642794619004,0.8564620292186738
prop_U1_K4,26,0.0801216214771072,0.8663303220272064
prop_U1_K4,27,0.07556839944173892,0.8560964143276215
prop_U1_K4,28,0.08004477959126234,0.8711765480041503
prop_U1_K4,29,0.08313060355683168,0.8762062239646912
prop_U1_K4,30,0.07309950914233923,0.8569757610559463
prop_U1_K4,31,0.0803180547679464,0.865535489320755
prop_U1_K4,32,0.07215488519519568,0.8683533036708831
prop_U1_K4,33,0.07105136753370364,0.8668469738960266
prop_U1_K4,34,0.07367116276174784,0.8678664946556092
prop_U1_K4,35,0.06960034585247438,0.8863375782966614
prop_U1_K4,36,0.06745893562833469,0.8866502618789673
prop_U1_K4,37,0.07441591610511145,0.8824924337863922
prop_U1_K4,38,0.0746988998229305,0.8868647575378418
prop_U1_K4,39,0.07267354973902306,0.871929578781128
prop_U1_K4,40,0.06590929604445894,0.8907947552204132
prop_U1_K4,41,0.06801263780022661,0.8786983466148377
prop_U1_K4,42,0.06596766802792747,0.8914390015602112
prop_U1_K4,43,0.06490829979379972,0.9048149049282074
prop_U1_K4,44,0.06556648295993606,0.8785900962352753
prop_U1_K4,45,0.06779621114954353,0.875206218957901
prop_U1_K4,46,0.06384116536006332,0.8943157231807709
prop_U1_K4,47,0.06393285244703292,0.8911925435066224
prop_U1_K4,48,0.06759199464072783,0.8940834784507752
prop_U1_K4,49,0.06107631756613652,0.8844131231307983
prop_U1_K4,50,0.059731456891944014,0.9011347174644471
prop_U1_K4,51,0.0624916892995437,0.8980356299877167
prop_U1_K4,52,0.06132971819490194,0.9080911302566528
prop_U1_K4,53,0.06076161223774155,0.907586042881012
prop_U1_K4,54,0.059007499174525344,0.9014299726486206
prop_U1_K4,55,0.05629527320464452,0.8954195314645768
prop_U1_K4,56,0.05850933857262135,0.8841375809907913
prop_U1_K4,57,0.053798997718840835,0.8903256011009216
prop_U1_K4,58,0.060211919515083236,0.8972864246368408
prop_U1_K4,59,0.06262296723201871,0.9008715546131134
prop_U1_K4,60,0.05737252866849303,0.8937562489509583
prop_U1_K4,61,0.05263038373241822,0.9008132636547088
prop_U1_K4,62,0.05640977831557393,0.9102455484867096
prop_U1_K4,63,0.05668324415882429,0.9012466025352478
prop_U1_K4,64,0.061944835123916464,0.8842727157473564
prop_U1_K4,65,0.054989634851614635,0.9098049545288086
prop_U1_K4,66,0.06295204369351268,0.8963903450965881
prop_U1_K4,67,0.05567789502441883,0.915146187543869
prop_U1_K4,68,0.05886639098947247,0.9102825045585632
prop_U1_K4,69,0.057838617619127036,0.9115761911869049
prop_U1_K4,70,0.05729420139764746,0.9049455213546753
prop_U1_K4,71,0.05965706784278155,0.9013425755500794
prop_U1_K4,72,0.05419629774987698,0.9116015803813934
prop_U1_K4,73,0.05247062180191278,0.9172592413425446
prop_U1_K4,74,0.054754798685510954,0.9092603313922882
prop_U1_K4,75,0.05155230468139052,0.9118839812278747
prop_U1_K4,76,0.052792084148774544,0.9125642776489258
prop_U1_K4,77,0.06013315465301275,0.913407438993454
prop_U1_K4,78,0.05223453109463056,0.9151205658912659
prop_U1_K4,79,0.05284007220218579,0.9119000542163849
prop_U1_K4,80,0.05045529029642542,0.9188487350940704
prop_U1_K4,81,0.05331894939765334,0.892684737443924
prop_U1_K4,82,0.05066243479649226,0.8872783023118973
prop_U1_K4,83,0.05554055275395513,0.8886233258247376
prop_U1_K4,84,0.053971053846180436,0.8909474486112594
prop_U1_K4,85,0.050657915578534204,0.9137161386013031
prop_U1_K4,86,0.05692932094757756,0.8986847639083863
prop_U1_K4,87,0.05730083625142773,0.9122776389122009
prop_U1_K4,88,0.047996230715264876,0.9150349831581116
prop_U1_K4,89,0.0489608658477664,0.9293910360336304
prop_U1_K4,90,0.04959114140520493,0.9213598430156708
prop_U1_K4,91,0.04969959729040663,0.9231003022193909
prop_U1_K4,92,0.049098143093287944,0.9188760304450989
prop_U1_K4,93,0.044423574823886154,0.9164986085891723
prop_U1_K4,94,0.048769138424346846,0.9122561967372894
prop_U1_K4,95,0.04690878068407377,0.9174441993236542
prop_U1_K4,96,0.04952845004076759,0.92093230843544
prop_U1_K4,97,0.050825123569617665,0.919982453584671
prop_U1_K4,98,0.05001056634510557,0.9207050681114197
prop_U1_K4,99,0.058575750291347504,0.9199074387550354
prop_U1_K4,100,0.05030717878292004,0.9224612236022949
prop_U1_K4,101,0.04752259127174815,0.9123282063007355
prop_U1_K4,102,0.04519142605985205,0.9203853940963745
prop_U1_K4,103,0.05050099234407147,0.9148295474052429
prop_U1_K4,104,0.04907250845804811,0.9242067587375641
prop_U1_K4,105,0.04437522611270348,0.9230179190635681
prop_U1_K4,106,0.04906257012238105,0.9187476348876953
prop_U1_K4,107,0.047052979432046414,0.9292296946048737
prop_U1_K4,108,0.04338529918963711,0.9237392222881318
prop_U1_K4,109,0.046981018371880054,0.920293316245079
prop_U1_K4,110,0.0488281965131561,0.9244791901111603
prop_U1_K4,111,0.04115239485477408,0.922961232662201
prop_U1_K4,112,0.046926100167135394,0.9191817057132721
prop_U1_K4,113,0.04484498227015138,0.9290629482269287
prop_U1_K4,114,0.050222871862351894,0.9260896301269531
prop_U1_K4,115,0.04493419074142973,0.9041532507538795
prop_U1_K4,116,0.049076347996791204,0.9290369260311127
prop_U1_K4,117,0.046525168716907504,0.9055093824863434
prop_U1_K4,118,0.04224743313466509,0.9241398787498474
prop_U1_K4,119,0.0432590484743317,0.9213894939422608
prop_U1_K4,120,0.04071173291032513,0.920957680940628
prop_U1_K4,121,0.04643944814801216,0.9267469835281372
prop_U1_K4,122,0.04906221746777495,0.9282632982730865
prop_U1_K4,123,0.04586036787057916,0.9338043975830078
prop_U1_K4,124,0.044657207081715264,0.9300845742225647
prop_U1_K4,125,0.04094378161554535,0.9158759486675262
prop_U1_K4,126,0.04062755720689893,0.9296148705482483
prop_U1_K4,127,0.048668281342834234,0.9155566847324371
prop_U1_K4,128,0.040685776316871244,0.9315773439407349
prop_U1_K4,129,0.046252727036674816,0.9277511835098267
prop_U1_K4,130,0.044123673060288034,0.9292593777179718
prop_U1_K4,131,0.04618781165530284,0.9285712993144989
prop_U1_K4,132,0.04538732756550113,0.9130432045459748
prop_U1_K4,133,0.04300849393631021,0.9395504462718963
prop_U1_K4,134,0.04345146351804336,0.9276529657840729
prop_U1_K4,135,0.04605221536010504,0.9115214049816132
prop_U1_K4,136,0.04635900025566419,0.9168269443511963
prop_U1_K4,137,0.05064349379390478,0.9273916113376618
prop_U1_K4,138,0.04806947556013862,0.9298928022384644
prop_U1_K4,139,0.05354516163468361,0.9255347466468811
prop_U1_K4,140,0.04349496904760599,0.9208885753154754
prop_U1_K4,141,0.04402581924572587,0.9326323044300079
prop_U1_K4,142,0.04110178034131726,0.9279912328720092
prop_U1_K4,143,0.04544366642211874,0.9207558113336564
prop_U1_K4,144,0.04406206662456195,0.9279076766967773
prop_U1_K4,145,0.04346697575723132,0.9290352487564086
prop_U1_K4,146,0.051368213780224325,0.9208379709720611
prop_U1_K4,147,0.04260313450669249,0.9228361630439759
prop_U1_K4,148,0.042652749040474496,0.9310777580738068
prop_U1_K4,149,0.0377323015841345,0.9305321586132049
prop_U1_K4,150,0.04719070790956418,0.9174756407737732
prop_U1_K4,151,0.043762631273518,0.9309082901477814
prop_U1_K4,152,0.04238182052349051,0.9265455389022828
prop_U1_K4,153,0.039913930483162406,0.9271389484405518
prop_U1_K4,154,0.04088788112004598,0.9195605719089508
prop_U1_K4,155,0.041227044506619376,0.9392794585227966
prop_U1_K4,156,0.039543355063845716,0.9186432182788848
prop_U1_K4,157,0.04805458948016167,0.9278692424297332
prop_U1_K4,158,0.041920066612462205,0.9368515837192536
prop_U1_K4,159,0.03925608949114879,0.9387484860420227
prop_U1_K4,160,0.05372160461420814,0.9231585073471069
prop_U1_K4,161,0.04215793950483203,0.9300988376140594
prop_U1_K4,162,0.03921064126615723,0.9178909510374069
prop_U1_K4,163,0.043639828984936076,0.9444958043098449
prop_U1_K4,164,0.04571083596597115,0.9376770079135894
prop_U1_K4,165,0.04280365246037642,0.9371186769008637
prop_U1_K4,166,0.041147637910520035,0.925448853969574
prop_U1_K4,167,0.041854363518456617,0.928930743932724
prop_U1_K4,168,0.0465174417446057,0.9341372370719909
prop_U1_K4,169,0.04217472292482853,0.9333561503887177
prop_U1_K4,170,0.04339637951925397,0.9287353765964508
prop_U1_K4,171,0.03921338394284248,0.9337796545028687
prop_U1_K4,172,0.04580683130770922,0.9254890871047974
prop_U1_K4,173,0.0465297816383342,0.9251615488529206
prop_U1_K4,174,0.04193398923923572,0.9425983643531799
prop_U1_K4,175,0.040826168432831766,0.9347000515460968
prop_U1_K4,176,0.04580022622520725,0.9318310499191285
prop_U1_K4,177,0.038536720871925355,0.928467390537262
prop_U1_K4,178,0.04391346173360944,0.9308101463317872
prop_U1_K4,179,0.04184419813255469,0.9178464710712433
prop_U1_K4,180,0.038761397016545136,0.9266640603542328
prop_U1_K4,181,0.04335483487074574,0.9233248293399811
prop_U1_K4,182,0.04161143075985213,0.9431623613834381
prop_U1_K4,183,0.03884510990853111,0.9414017164707184
prop_U1_K4,184,0.039718050615241134,0.9303147596120834
prop_U1_K4,185,0.038570085503160954,0.899978699684143
prop_U1_K4,186,0.03609326681122184,0.924941954612732
prop_U1_K4,187,0.0385239587413768,0.9390479075908661
prop_U1_K4,188,0.04232826073343555,0.9294641935825347
prop_U1_K4,189,0.041260184918840724,0.919799289777875
prop_U1_K4,190,0.04159704466660818,0.9289565753936767
prop_U1_K4,191,0.04061054103076458,0.9310061633586884
prop_U1_K4,192,0.04398606271793445,0.9212391936779022
prop_U1_K4,193,0.03575983700963358,0.9397021114826203
prop_U1_K4,194,0.040655939634889365,0.9378348076343537
prop_U1_K4,195,0.045748174972832206,0.9337270474433899
prop_U1_K4,196,0.0436000340928634,0.9340631258487702
prop_U1_K4,197,0.040651317052543164,0.9309125709533691
prop_U1_K4,198,0.04049410772199432,0.9415223383903504
prop_U1_K4,199,0.039177480544894935,0.9239011895656586
prop_U1_K4,200,0.0402847036284705,0.9372030413150787
prop_U2_K4,1,0.5449726886550585,0.4157780250161886
prop_U2_K4,2,0.3118709840377172,0.583913853764534
prop_U2_K4,3,0.21879978572328884,0.6867590177059174
prop_U2_K4,4,0.19307071956495445,0.6836327773332596
prop_U2_K4,5,0.17691816988090675,0.7196954917907715
prop_U2_K4,6,0.17200541526079177,0.7200428301095962
prop_U2_K4,7,0.1625282477835814,0.7536314749717712
prop_U2_K4,8,0.15699162314335505,0.7661700224876404
prop_U2_K4,9,0.1410032975425323,0.7581340366601944
prop_U2_K4,10,0.1556634942938884,0.7575054430961609
prop_U2_K4,11,0.14278431117534637,0.7803891134262085
prop_U2_K4,12,0.14446977275113265,0.7743099129199982
prop_U2_K4,13,0.13960250079631806,0.7893651807308197
prop_U2_K4,14,0.13741498723626136,0.785643265247345
prop_U2_K4,15,0.14578990861773491,0.7857090246677398
prop_U2_K4,16,0.1278041191895803,0.810459361076355
prop_U2_K4,17,0.12373992323875427,0.8015145695209503
prop_U2_K4,18,0.11648207779973746,0.8113839161396027
prop_U2_K4,19,0.11903033937017123,0.7849244540929794
prop_U2_K4,20,0.1093780220920841,0.8071716699004173
prop_U2_K4,21,0.10421941135078669,0.8129186487197876
prop_U2_K4,22,0.10638722829520703,0.8278326666355134
prop_U2_K4,23,0.10022106944272915,0.8149706542491912
prop_U2_K4,24,0.10364576765646537,0.8309940099716187
prop_U2_K4,25,0.09992829925070207,0.8296416580677033
prop_U2_K4,26,0.09756624162197113,0.8341289782524108
prop_U2_K4,27,0.09249397213260332,0.8316709679365158
prop_U2_K4,28,0.0957907930140694,0.8480735552310944
prop_U2_K4,29,0.10086597758034865,0.8435314631462097
prop_U2_K4,30,0.08898880156377952,0.827420201599598
prop_U2_K4,31,0.097468350417912,0.8343737435340881
prop_U2_K4,32,0.09005965155859788,0.8206048381328582
prop_U2_K4,33,0.0880840882162253,0.8404100561141967
prop_U2_K4,34,0.09036849108835061,0.8466326135396958
prop_U2_K4,35,0.0838111886754632,0.8662859547138214
prop_U2_K4,36,0.083370461165905,0.8552944898605347
prop_U2_K4,37,0.09089212423811356,0.8494799029827118
prop_U2_K4,38,0.0899384913345178,0.8515581250190735
prop_U2_K4,39,0.0893541095405817,0.8350985383987427
prop_U2_K4,40,0.08269169074793657,0.863497531414032
prop_U2_K4,41,0.08307775960614285,0.8466002994775772
prop_U2_K4,42,0.08211987129102151,0.8607126700878144
prop_U2_K4,43,0.0815512142330408,0.8766414439678192
prop_U2_K4,44,0.08162950160602729,0.8564544814825058
prop_U2_K4,45,0.08279937764008839,0.8419766807556153
prop_U2_K4,46,0.0784505224848787,0.8663005268573761
prop_U2_K4,47,0.07921646141757567,0.8664084386825561
prop_U2_K4,48,0.08231216685225566,0.8700158631801606
prop_U2_K4,49,0.07801339951654275,0.853676478266716
prop_U2_K4,50,0.0746779332558314,0.8679669094085694
prop_U2_K4,51,0.07796047103901704,0.864561163187027
prop_U2_K4,52,0.07692812973012526,0.8853259086608887
prop_U2_K4,53,0.07321720010290543,0.881703565120697
prop_U2_K4,54,0.07295021072030067,0.8831130576133728
prop_U2_K4,55,0.07189287402977546,0.879745968580246
prop_U2_K4,56,0.07114919632673264,0.8559097123146057
prop_U2_K4,57,0.0662157666310668,0.8563655841350556
prop_U2_K4,58,0.0737601398055752,0.8770483076572418
prop_U2_K4,59,0.0753599672516187,0.8719929206371307
prop_U2_K4,60,0.07116314589977264,0.862782119512558
prop_U2_K4,61,0.06687054939568043,0.8770120966434479
prop_U2_K4,62,0.06895405682424705,0.8873241555690765
prop_U2_K4,63,0.07082259291162094,0.8793083512783051
prop_U2_K4,64,0.07766643777489662,0.8615901671350003
prop_U2_K4,65,0.06995222004751364,0.8845040655136108
prop_U2_K4,66,0.08220154959708452,0.8748354852199555
prop_U2_K4,67,0.06897414941340685,0.8927243578433991
prop_U2_K4,68,0.07301287891964117,0.893696905374527
prop_U2_K4,69,0.07243032351136208,0.8926476550102234
prop_U2_K4,70,0.07310188572853804,0.8815239453315735
prop_U2_K4,71,0.07379070958743493,0.8832568895816802
prop_U2_K4,72,0.07043851082523664,0.8889304924011231
prop_U2_K4,73,0.0663483581195275,0.8839744436740875
prop_U2_K4,74,0.07018951686720053,0.892769421339035
prop_U2_K4,75,0.06710195040951172,0.8962300992012024
prop_U2_K4,76,0.06662817579383651,0.8945309233665466
prop_U2_K4,77,0.07497148040682078,0.8906598365306855
prop_U2_K4,78,0.06628271849205096,0.8932049560546875
prop_U2_K4,79,0.06544483395293355,0.8897496926784515
prop_U2_K4,80,0.06481192883104087,0.8951429843902587
prop_U2_K4,81,0.06713507534315188,0.8652231359481811
prop_U2_K4,82,0.0635163235416015,0.8681660092715174
prop_U2_K4,83,0.06914965144048134,0.8595992654561997
prop_U2_K4,84,0.06984159960101048,0.8762333625555039
prop_U2_K4,85,0.064278454054147,0.8938232302665711
prop_U2_K4,86,0.071986257036527,0.8798084509372711
prop_U2_K4,87,0.07118046717097362,0.8914465606212616
prop_U2_K4,88,0.06105488133306305,0.8906119883060455
prop_U2_K4,89,0.062351110720386106,0.9073898029327393
prop_U2_K4,90,0.063280610529085,0.9033318722248077
prop_U2_K4,91,0.06438194494694471,0.9013296711444855
prop_U2_K4,92,0.06278488484521706,0.8978511655330658
prop_U2_K4,93,0.05632220059633255,0.8858241927623749
prop_U2_K4,94,0.06290629932656884,0.8931244122982025
prop_U2_K4,95,0.0599421742806832,0.8952633845806122
prop_U2_K4,96,0.0636111822600166,0.903536810874939
prop_U2_K4,97,0.06443319518119096,0.897260183095932
prop_U2_K4,98,0.06241737029204766,0.8948890554904938
prop_U2_K4,99,0.07213708573331436,0.9039708733558655
prop_U2_K4,100,0.06172064902881781,0.8975341033935547
prop_U2_K4,101,0.060926233058174455,0.8848786056041718
prop_U2_K4,102,0.058756783610830705,0.8939595127105713
prop_U2_K4,103,0.06392125732575854,0.8941095626354217
prop_U2_K4,104,0.062475632497419914,0.8994317102432251
prop_U2_K4,105,0.05624436980734269,0.8980245804786682
prop_U2_K4,106,0.06207445890332262,0.8969419896602631
prop_U2_K4,107,0.05927711722751459,0.9094887137413025
prop_U2_K4,108,0.05502046850820382,0.9072070348262787
prop_U2_K4,109,0.06047118878612916,0.8945018351078033
prop_U2_K4,110,0.06239796853934725,0.9083306539058685
prop_U2_K4,111,0.05252706015482545,0.8998040902614594
prop_U2_K4,112,0.06157916897907853,0.896100995540619
prop_U2_K4,113,0.05811302714049816,0.9120372617244721
prop_U2_K4,114,0.06570959728832046,0.9071632730960846
prop_U2_K4,115,0.058036201894283296,0.8909535586833954
prop_U2_K4,116,0.06209690087785324,0.9045790314674378
prop_U2_K4,117,0.05952443053945899,0.8885219782590866
prop_U2_K4,118,0.05484761638566851,0.898836145401001
prop_U2_K4,119,0.05545454446226358,0.8958399760723114
prop_U2_K4,120,0.05340379305183887,0.9014287209510803
prop_U2_K4,121,0.06180463085571925,0.8993702697753906
prop_U2_K4,122,0.062290445901453495,0.9046564286947251
prop_U2_K4,123,0.0594135839988788,0.9136356163024902
prop_U2_K4,124,0.056976747848093506,0.9073801624774933
prop_U2_K4,125,0.05170915072162946,0.8887255907058715
prop_U2_K4,126,0.05264434392253558,0.9067214250564575
prop_U2_K4,127,0.061278424312671026,0.8918017423152924
prop_U2_K4,128,0.05220383381471038,0.9078104507923126
prop_U2_K4,129,0.058642811980098485,0.9085457813739777
prop_U2_K4,130,0.0550810067417721,0.9045541656017303
prop_U2_K4,131,0.06009733247881134,0.9134228634834289
prop_U2_K4,132,0.05755508275081714,0.8928653973340989
prop_U2_K4,133,0.05553866311907768,0.9117572462558746
prop_U2_K4,134,0.05646429717540741,0.910587385892868
prop_U2_K4,135,0.061231690483788646,0.882220231294632
prop_U2_K4,136,0.060447546523064374,0.8923014223575592
prop_U2_K4,137,0.06449665295581022,0.9065740680694581
prop_U2_K4,138,0.060055161031583947,0.9077933096885681
prop_U2_K4,139,0.06472975357746084,0.9048148846626282
prop_U2_K4,140,0.05556809453914563,0.8998499464988708
prop_U2_K4,141,0.056678180086116,0.9171412360668182
prop_U2_K4,142,0.05410872111096978,0.9087397587299347
prop_U2_K4,143,0.056830841954797505,0.904552036523819
prop_U2_K4,144,0.056101494034131366,0.9092434954643249
prop_U2_K4,145,0.05690960944940646,0.9042945790290833
prop_U2_K4,146,0.06596405720959107,0.9001084238290786
prop_U2_K4,147,0.05472546200578411,0.8930583786964417
prop_U2_K4,148,0.05438001995906234,0.9147988402843475
prop_U2_K4,149,0.04874935595318675,0.9093083429336548
prop_U2_K4,150,0.06068225396797061,0.8978574800491333
prop_U2_K4,151,0.05791614238793651,0.9145600521564483
prop_U2_K4,152,0.055107332933694124,0.9086020267009736
prop_U2_K4,153,0.050655354702224334,0.9086968088150025
prop_U2_K4,154,0.05327096137528618,0.8940598679706454
prop_U2_K4,155,0.05520036115621527,0.9194750261306762
prop_U2_K4,156,0.053228867122282586,0.8920435923337936
prop_U2_K4,157,0.06293116888031364,0.906631873846054
prop_U2_K4,158,0.05393334691102306,0.9166327822208404
prop_U2_K4,159,0.051321532018482684,0.9192560112476349
prop_U2_K4,160,0.0661560938693583,0.8951787656545639
prop_U2_K4,161,0.05459550837675731,0.9128248453140259
prop_U2_K4,162,0.05160788129394253,0.8939040446281433
prop_U2_K4,163,0.05566907150670886,0.924952107667923
prop_U2_K4,164,0.057637448801348606,0.9137103176116943
prop_U2_K4,165,0.0549338924822708,0.9137628602981568
prop_U2_K4,166,0.05161143065119783,0.9129622673988342
prop_U2_K4,167,0.05305042300373316,0.9087788581848144
prop_U2_K4,168,0.0596413454040885,0.9094362616539001
prop_U2_K4,169,0.053674124199897054,0.9073854923248291
prop_U2_K4,170,0.05733990960444013,0.9041997897624969
prop_U2_K4,171,0.050791179736455284,0.910231214761734
prop_U2_K4,172,0.058593773922572534,0.9010106283426285
prop_U2_K4,173,0.05959222344681621,0.9019340693950653
prop_U2_K4,174,0.05623943641160925,0.9228155612945557
prop_U2_K4,175,0.051779827754944566,0.9116676771640777
prop_U2_K4,176,0.06010948076844216,0.9122750079631805
prop_U2_K4,177,0.051177004873752596,0.8996559774875641
prop_U2_K4,178,0.05809303579851985,0.9049344372749328
prop_U2_K4,179,0.0545978927363952,0.8849737977981568
prop_U2_K4,180,0.05091014649719,0.908420995771885
prop_U2_K4,181,0.05545324119428793,0.9007584393024445
prop_U2_K4,182,0.0531894084935387,0.9242620432376861
prop_U2_K4,183,0.0511971164184312,0.9236451494693756
prop_U2_K4,184,0.052032022749384246,0.9166924011707306
prop_U2_K4,185,0.05029869915296634,0.8675960570573806
prop_U2_K4,186,0.047231655661016704,0.8978047907352448
prop_U2_K4,187,0.0513007322140038,0.9161411762237549
prop_U2_K4,188,0.053657125197350976,0.9063827979564667
prop_U2_K4,189,0.053527079423268634,0.902696166113019
prop_U2_K4,190,0.05367365693673491,0.9061343705654145
prop_U2_K4,191,0.05279981316998601,0.9080451452732086
prop_U2_K4,192,0.057407711284856,0.905155256986618
prop_U2_K4,193,0.046186235894759495,0.9233838951587677
prop_U2_K4,194,0.054255267170568305,0.9188559091091156
prop_U2_K4,195,0.060460199813048045,0.9109475374221802
prop_U2_K4,196,0.05684568536778291,0.911666043996811
prop_U2_K4,197,0.05385123377044996,0.9045572412014008
prop_U2_K4,198,0.05276634785036246,0.927215393781662
prop_U2_K4,199,0.05206792864948511,0.8979203063249588
prop_U2_K4,200,0.05142651022101442,0.9157224762439727
prop_U3_K4,1,0.5567427596449852,0.32471394911408424
prop_U3_K4,2,0.3244061838587125,0.5531321024894714
prop_U3_K4,3,0.22827098409334817,0.6537319791316986
prop_U3_K4,4,0.20447847113013268,0.6596837890148163
prop_U3_K4,5,0.18645443650583426,0.6826582664251327
prop_U3_K4,6,0.18183864044646422,0.7134292757511139
prop_U3_K4,7,0.17059588824709257,0.7289875209331512
prop_U3_K4,8,0.1644872519870599,0.7493540066480636
prop_U3_K4,9,0.14757765837013723,0.7387344580888748
prop_U3_K4,10,0.16254360121985276,0.757345358133316
prop_U3_K4,11,0.14950396763781706,0.7534465122222901
prop_U3_K4,12,0.1483349717160066,0.7603300356864929
prop_U3_K4,13,0.1446807798743248,0.7672745883464813
prop_U3_K4,14,0.14308628623684247,0.7741701811552048
prop_U3_K4,15,0.1525985385477543,0.7659582990407944
prop_U3_K4,16,0.13481763963898022,0.7949711894989013
prop_U3_K4,17,0.12933970756828786,0.7908377474546433
prop_U3_K4,18,0.1231737969070673,0.7949240922927856
prop_U3_K4,19,0.1256440994888544,0.7647766327857971
prop_U3_K4,20,0.1159273195763429,0.8020569078624249
prop_U3_K4,21,0.11327202074229717,0.8032903718948364
prop_U3_K4,22,0.11379313574482998,0.8110666394233703
prop_U3_K4,23,0.10962466835975647,0.8032537943124771
prop_U3_K4,24,0.10970070853829383,0.8262635838985443
prop_U3_K4,25,0.10528178376456102,0.8181395554542541
prop_U3_K4,26,0.10317384312550226,0.8232373726367951
prop_U3_K4,27,0.09923268125702937,0.8104407709836959
prop_U3_K4,28,0.10307670895010233,0.8266867673397065
prop_U3_K4,29,0.10799560651183128,0.8352811622619629
prop_U3_K4,30,0.09806609082967042,0.8154954200983048
prop_U3_K4,31,0.1042631478731831,0.8200907850265503
prop_U3_K4,32,0.09571116905659437,0.8134226137399674
prop_U3_K4,33,0.09590673054258028,0.8281946107745171
prop_U3_K4,34,0.09919276658445597,0.8244328212738037
prop_U3_K4,35,0.09264406445125739,0.8496307587623596
prop_U3_K4,36,0.09129537172615527,0.8409626579284668
prop_U3_K4,37,0.09924096719672283,0.8381227731704712
prop_U3_K4,38,0.09766384755571683,0.8369296610355377
prop_U3_K4,39,0.09928802662839492,0.8210505563020706
prop_U3_K4,40,0.0906765724097689,0.8468257069587708
prop_U3_K4,41,0.0913456637163957,0.8202224546670913
prop_U3_K4,42,0.09341158191363017,0.8471466505527496
prop_U3_K4,43,0.08944829187045494,0.8625667130947113
prop_U3_K4,44,0.09022583215186994,0.8357235848903656
prop_U3_K4,45,0.09260765915115675,0.8281817919015885
prop_U3_K4,46,0.08793054254104694,0.8495667654275895
prop_U3_K4,47,0.08798371717333793,0.8468071830272674
prop_U3_K4,48,0.09129670309523741,0.8575533390045166
prop_U3_K4,49,0.08625495271136363,0.829378193616867
prop_U3_K4,50,0.08327717329065006,0.8546003586053849
prop_U3_K4,51,0.08813934084028005,0.8513384413719177
prop_U3_K4,52,0.08601746331900358,0.8691148376464843
prop_U3_K4,53,0.08248426973819732,0.8681983184814454
prop_U3_K4,54,0.08180365711450577,0.8689379942417145
prop_U3_K4,55,0.07919393051415682,0.8584458017349244
prop_U3_K4,56,0.0798236745223403,0.834043316245079
prop_U3_K4,57,0.0742893318211039,0.8432928508520127
prop_U3_K4,58,0.08109317917376757,0.8660239470005036
prop_U3_K4,59,0.08523997876793146,0.8595471942424774
prop_U3_K4,60,0.0809994903082649,0.8489838469028473
prop_U3_K4,61,0.07577020236601432,0.8651582789421082
prop_U3_K4,62,0.07695727640142043,0.8751934611797333
prop_U3_K4,63,0.07861910374214252,0.8639349645376205
prop_U3_K4,64,0.08649519693106412,0.8436670430749654
prop_U3_K4,65,0.07883591474344333,0.8669465565681458
prop_U3_K4,66,0.0923067515467604,0.8580306494235992
prop_U3_K4,67,0.07838437343637149,0.8736383080482483
prop_U3_K4,68,0.08223327084134023,0.8781020069122314
prop_U3_K4,69,0.08288020378599564,0.8768108916282654
prop_U3_K4,70,0.08268669166912636,0.8731741976737976
prop_U3_K4,71,0.08235901854932308,0.8665118992328644
prop_U3_K4,72,0.07947577750931184,0.8721868550777435
prop_U3_K4,73,0.07557941269129514,0.8766485810279846
prop_U3_K4,74,0.0773269610106945,0.8767004072666168
prop_U3_K4,75,0.07559671111404896,0.878803482055664
prop_U3_K4,76,0.0751931984970967,0.878015810251236
prop_U3_K4,77,0.08371977881838878,0.8753738117218017
prop_U3_K4,78,0.0744721225524942,0.878585844039917
prop_U3_K4,79,0.07482253791143496,0.8736225461959839
prop_U3_K4,80,0.07363755806038777,0.8785101568698883
prop_U3_K4,81,0.07756457434346278,0.8470348334312439
prop_U3_K4,82,0.07201320990920067,0.852362325116992
prop_U3_K4,83,0.07938301893572013,0.8422955131530762
prop_U3_K4,84,0.07749651862929265,0.8538088095188141
prop_U3_K4,85,0.07321783175071081,0.8759924578666687
prop_U3_K4,86,0.08046189993619919,0.8611184394359589
prop_U3_K4,87,0.08083121380458276,0.8795683795213699
prop_U3_K4,88,0.06955797976503769,0.875715548992157
prop_U3_K4,89,0.0707959874967734,0.9000543451309204
prop_U3_K4,90,0.07350067577014367,0.8893805181980133
prop_U3_K4,91,0.0727798325320085,0.8875458979606629
prop_U3_K4,92,0.07402474837998549,0.8858820307254791
prop_U3_K4,93,0.06406495409707229,0.8707385313510895
prop_U3_K4,94,0.07101082762082418,0.8767983627319336
prop_U3_K4,95,0.06829576030373573,0.8776619231700897
prop_U3_K4,96,0.07174151008327802,0.8889736688137054
prop_U3_K4,97,0.07342073645442725,0.8801551473140716
prop_U3_K4,98,0.07092733807861805,0.8785449290275573
prop_U3_K4,99,0.08165224353472392,0.8897813153266907
prop_U3_K4,100,0.0709611743191878,0.8828681826591491
prop_U3_K4,101,0.06922036837786436,0.864869863986969
prop_U3_K4,102,0.06774205512056748,0.880691214799881
prop_U3_K4,103,0.07261917942514022,0.8767004239559174
prop_U3_K4,104,0.07310575552284718,0.8846088349819183
prop_U3_K4,105,0.06489158015698195,0.8825327682495118
prop_U3_K4,106,0.07239192032565674,0.8847442770004272
prop_U3_K4,107,0.06838287189602851,0.8958097553253174
prop_U3_K4,108,0.06405868988484144,0.8851609301567077
prop_U3_K4,109,0.06871294846137364,0.8752742771804333
prop_U3_K4,110,0.07055618448803823,0.8920774567127228
prop_U3_K4,111,0.05960761103158196,0.8841070437431335
prop_U3_K4,112,0.07036737712721029,0.874853572845459
prop_U3_K4,113,0.06622659547875324,0.8947940695285798
prop_U3_K4,114,0.0728273498515288,0.891621140241623
prop_U3_K4,115,0.06637191720306873,0.8668516385555267
prop_U3_K4,116,0.0721762324993809,0.8904278492927551
prop_U3_K4,117,0.06797264313946168,0.8691568100452423
prop_U3_K4,118,0.06359766634802023,0.8845671045780182
prop_U3_K4,119,0.06388180740177632,0.8783754587173462
prop_U3_K4,120,0.06109679376706481,0.887502635717392
prop_U3_K4,121,0.07078787496934334,0.8917669594287873
prop_U3_K4,122,0.07093514093508323,0.8903749227523804
prop_U3_K4,123,0.06763134721666575,0.8971714580059051
prop_U3_K4,124,0.064413862315317,0.8908089756965637
prop_U3_K4,125,0.05961127381150921,0.8735795819759369
prop_U3_K4,126,0.061260479769359034,0.8957687306404114
prop_U3_K4,127,0.06949105687439441,0.8713262414932251
prop_U3_K4,128,0.0608234728500247,0.8877299642562866
prop_U3_K4,129,0.06651411073282361,0.89276162981987
prop_U3_K4,130,0.06478770965710283,0.8886583340168
prop_U3_K4,131,0.06878503226985534,0.8987531733512878
prop_U3_K4,132,0.06672295755396286,0.8732758867740631
prop_U3_K4,133,0.06450106700261433,0.8961004960536957
prop_U3_K4,134,0.06555588987966378,0.8946007078886032
prop_U3_K4,135,0.07049967163552841,0.868501433134079
prop_U3_K4,136,0.06893358169744412,0.8761431300640106
prop_U3_K4,137,0.07320995803922414,0.89133620262146
prop_U3_K4,138,0.06884203266352415,0.8906882464885711
prop_U3_K4,139,0.07548568444947401,0.8896023201942443
prop_U3_K4,140,0.06460726604486505,0.883416559100151
prop_U3_K4,141,0.06431218781198064,0.9038741552829742
prop_U3_K4,142,0.06332287694637974,0.8937568867206573
prop_U3_K4,143,0.06715526714920998,0.8899741512537003
prop_U3_K4,144,0.06428783136109512,0.8961742198467255
prop_U3_K4,145,0.0672732998430729,0.893682222366333
prop_U3_K4,146,0.0754363193238775,0.8865213525295258
prop_U3_K4,147,0.06440061829984188,0.8771565628051757
prop_U3_K4,148,0.06344795419524113,0.8973404347896576
prop_U3_K4,149,0.05683192953467369,0.8898686873912811
prop_U3_K4,150,0.0699829988864561,0.8791440522670746
prop_U3_K4,151,0.0663195405031244,0.8966154950857163
prop_U3_K4,152,0.0642955073962609,0.8948631572723389
prop_U3_K4,153,0.059346987747897706,0.888027241230011
prop_U3_K4,154,0.06251187422002355,0.8817709958553315
prop_U3_K4,155,0.06273295624181628,0.9033006429672241
prop_U3_K4,156,0.061698587201535704,0.8732789033651351
prop_U3_K4,157,0.07242013032237689,0.8861683177947998
prop_U3_K4,158,0.06293826938296358,0.9029661047458649
prop_U3_K4,159,0.06022486802190542,0.9047461831569672
prop_U3_K4,160,0.07653000618020693,0.8765705919265747
prop_U3_K4,161,0.06287709512437384,0.8961398684978485
prop_U3_K4,162,0.059963978013644614,0.8737406811118126
prop_U3_K4,163,0.0635078322639068,0.908431488275528
prop_U3_K4,164,0.06785206528380514,0.9004945027828216
prop_U3_K4,165,0.06363684816285968,0.9018452751636505
prop_U3_K4,166,0.060607228508840004,0.9014924597740174
prop_U3_K4,167,0.061570468861609697,0.8907942676544189
prop_U3_K4,168,0.07118983319650093,0.8921536660194397
prop_U3_K4,169,0.06231997461989522,0.8928553676605224
prop_U3_K4,170,0.06703476828833421,0.8901278305053711
prop_U3_K4,171,0.059971300233155486,0.8901468515396118
prop_U3_K4,172,0.06845786976317565,0.8962639337778091
prop_U3_K4,173,0.0685614698069791,0.8834528970718384
prop_U3_K4,174,0.06434651255607605,0.9129935145378113
prop_U3_K4,175,0.06061859061320623,0.8992511880397797
prop_U3_K4,176,0.0683442821043233,0.9006348466873169
prop_U3_K4,177,0.05796598901972175,0.8880211877822876
prop_U3_K4,178,0.0670859892728428,0.8884683609008789
prop_U3_K4,179,0.06262361930683255,0.8643653485178947
prop_U3_K4,180,0.059143549079696336,0.8958464527130127
prop_U3_K4,181,0.06452066032836834,0.8822051966190338
prop_U3_K4,182,0.06304108311111728,0.9121535921096802
prop_U3_K4,183,0.0586076734897991,0.908734896183014
prop_U3_K4,184,0.06140181307370464,0.8996069097518921
prop_U3_K4,185,0.05822980042546987,0.837286836206913
prop_U3_K4,186,0.0562644288316369,0.8803339743614197
prop_U3_K4,187,0.06018427811563015,0.9017111074924469
prop_U3_K4,188,0.06351779319966833,0.889253580570221
prop_U3_K4,189,0.06323572060093284,0.8935735961794853
prop_U3_K4,190,0.06247194311271111,0.8895540869235993
prop_U3_K4,191,0.06364493825783332,0.8909340381622315
prop_U3_K4,192,0.06632102943956852,0.885489535331726
prop_U3_K4,193,0.05394483741993705,0.9068862354755401
prop_U3_K4,194,0.06359314915413658,0.9035479784011841
prop_U3_K4,195,0.06992065150290727,0.9004124385118485
prop_U3_K4,196,0.06699501985063155,0.8946421062946319
prop_U3_K4,197,0.06223993315671881,0.8889304685592652
prop_U3_K4,198,0.06147094463929534,0.9134116077423096
prop_U3_K4,199,0.05984464451049765,0.8809639477729797
prop_U3_K4,200,0.06027517128735781,0.900710254907608
prop_U4_K4,1,0.5783631017804146,0.2795400893688202
prop_U4_K4,2,0.3523726797600587,0.5302809172868729
prop_U4_K4,3,0.24741980329155921,0.6226144790649414
prop_U4_K4,4,0.21538913880785307,0.6417569187283516
prop_U4_K4,5,0.19394576147198678,0.6606156095862389
prop_U4_K4,6,0.18807138393322625,0.6973390853404999
prop_U4_K4,7,0.17886727931598823,0.7151161766052246
prop_U4_K4,8,0.170708415483435,0.7394161176681519
prop_U4_K4,9,0.15410608731210232,0.7244185870885849
prop_U4_K4,10,0.16693201425174872,0.7327666419744492
prop_U4_K4,11,0.1539474147061507,0.7425303208827972
prop_U4_K4,12,0.1516630282253027,0.7487626075744629
prop_U4_K4,13,0.148487172772487,0.7576179605722427
prop_U4_K4,14,0.14776095010340215,0.7618406063318253
prop_U4_K4,15,0.15823248577614626,0.7608395409584046
prop_U4_K4,16,0.14085978699227175,0.7855700176954269
prop_U4_K4,17,0.1360628667473793,0.7718642860651016
prop_U4_K4,18,0.1287511078019937,0.777295331954956
prop_U4_K4,19,0.13079479433596133,0.7544178974628448
prop_U4_K4,20,0.12335038416087628,0.7875509601831436
prop_U4_K4,21,0.11813686653971672,0.7864861732721329
prop_U4_K4,22,0.11911301446457703,0.7997474014759064
prop_U4_K4,23,0.11413486540317536,0.7872023630142212
prop_U4_K4,24,0.1170420635988315,0.8095520997047424
prop_U4_K4,25,0.11289711299041907,0.8058510959148407
prop_U4_K4,26,0.11091720134019852,0.802669404745102
prop_U4_K4,27,0.10529781034837167,0.7975404059886932
prop_U4_K4,28,0.1087182954698801,0.8131600213050842
prop_U4_K4,29,0.11472811208417018,0.8152553796768188
prop_U4_K4,30,0.10402335128436486,0.7968176725506783
prop_U4_K4,31,0.11150058841953675,0.8031683433055877
prop_U4_K4,32,0.10327164633820454,0.8009618443250656
prop_U4_K4,33,0.10238522919515769,0.8040574786067008
prop_U4_K4,34,0.10594798644383749,0.8148646533489228
prop_U4_K4,35,0.10010206505656243,0.8362712955474854
prop_U4_K4,36,0.09842368633796772,0.8255246424674988
prop_U4_K4,37,0.10640273960928122,0.8275088334083557
prop_U4_K4,38,0.10720571627219518,0.8218216633796692
prop_U4_K4,39,0.1066077775756518,0.8042479652166367
prop_U4_K4,40,0.09691067645947138,0.8368519324064255
prop_U4_K4,41,0.10018588533004125,0.8098886376619339
prop_U4_K4,42,0.09833246409893036,0.8305298507213592
prop_U4_K4,43,0.09754452341546616,0.852045613527298
prop_U4_K4,44,0.09857703941563765,0.8255201983451843
prop_U4_K4,45,0.10055341610064109,0.8108015817403793
prop_U4_K4,46,0.09526733757307132,0.8364536535739898
prop_U4_K4,47,0.09670562586436669,0.8338716411590577
prop_U4_K4,48,0.10027277941505114,0.8449582707881927
prop_U4_K4,49,0.09399050209671259,0.8077293545007705
prop_U4_K4,50,0.09035235432287057,0.8410158199071884
prop_U4_K4,51,0.09569479058186213,0.8332941991090774
prop_U4_K4,52,0.09282257945587237,0.8558864188194275
prop_U4_K4,53,0.08932521294802427,0.8554468679428101
prop_U4_K4,54,0.08896277774125337,0.8487173736095428
prop_U4_K4,55,0.08795718328406413,0.8424730265140533
prop_U4_K4,56,0.08824252733339866,0.8178807383775711
prop_U4_K4,57,0.08154408408949773,0.8305332016944885
prop_U4_K4,58,0.08927992845575015,0.8522755670547485
prop_U4_K4,59,0.09195337992161512,0.8446976327896119
prop_U4_K4,60,0.08833486920843522,0.8328823882341385
prop_U4_K4,61,0.08324914772063494,0.8504560887813568
prop_U4_K4,62,0.08443359365065893,0.8617893278598785
prop_U4_K4,63,0.08555732424060504,0.8494895607233047
prop_U4_K4,64,0.09414891328662633,0.8329550909996033
prop_U4_K4,65,0.08533277130375305,0.8534330976009369
prop_U4_K4,66,0.1000894823173682,0.8413117527961731
prop_U4_K4,67,0.08620425252864758,0.8601192307472229
prop_U4_K4,68,0.08859873306006193,0.8677202582359314
prop_U4_K4,69,0.0898056664566199,0.8636778581142426
prop_U4_K4,70,0.09076159305870533,0.8584950017929077
prop_U4_K4,71,0.0900378431007266,0.8489374041557312
prop_U4_K4,72,0.0876194650058945,0.8599230134487152
prop_U4_K4,73,0.08367728333920241,0.8578537607192993
prop_U4_K4,74,0.08631878646711509,0.8634569334983826
prop_U4_K4,75,0.08274362941582998,0.8690682661533355
prop_U4_K4,76,0.08200421458731096,0.8616917705535889
prop_U4_K4,77,0.09079391021281481,0.8652488899230957
prop_U4_K4,78,0.08139215833197037,0.8670946347713471
prop_U4_K4,79,0.08208361013482014,0.8670578408241272
prop_U4_K4,80,0.08111224796622991,0.8677740728855133
prop_U4_K4,81,0.08460285117228826,0.8321211725473404
prop_U4_K4,82,0.07963651593774557,0.8407647234946489
prop_U4_K4,83,0.08741022375722726,0.8164360409975052
prop_U4_K4,84,0.08733538780361413,0.845384119451046
prop_U4_K4,85,0.08045826212813458,0.8624307692050934
prop_U4_K4,86,0.08844409724076589,0.8513416564464569
prop_U4_K4,87,0.08879280316332976,0.8594340682029724
prop_U4_K4,88,0.07776605946322282,0.8596105718612671
prop_U4_K4,89,0.07869564553101857,0.886166809797287
prop_U4_K4,90,0.08048817330350479,0.8759244191646576
prop_U4_K4,91,0.08123205307871104,0.8749915790557862
prop_U4_K4,92,0.08065954444309076,0.8720307493209839
prop_U4_K4,93,0.07074134574582179,0.8572091072797775
prop_U4_K4,94,0.07863636113703251,0.865529819726944
prop_U4_K4,95,0.0762771276384592,0.8679643225669861
prop_U4_K4,96,0.07905953471859296,0.8731544148921967
prop_U4_K4,97,0.0806248689442873,0.8653045284748078
prop_U4_K4,98,0.07952379987885555,0.8633950877189637
prop_U4_K4,99,0.09023381804426511,0.8796837782859802
prop_U4_K4,100,0.07894796134283145,0.8735609436035157
prop_U4_K4,101,0.07737169915189346,0.846150324344635
prop_U4_K4,102,0.0750354953110218,0.870521377325058
prop_U4_K4,103,0.08058623757213354,0.8623151302337646
prop_U4_K4,104,0.07895988120386997,0.8691535043716431
prop_U4_K4,105,0.07185472683360179,0.8758754897117614
prop_U4_K4,106,0.07899720653891563,0.8672463595867157
prop_U4_K4,107,0.07638180132955313,0.8846601319313049
prop_U4_K4,108,0.07158686701208353,0.8712503296136856
prop_U4_K4,109,0.07718590172628562,0.8673899799585343
prop_U4_K4,110,0.07717256947110096,0.8819382011890411
prop_U4_K4,111,0.06653641991317272,0.8723473191261292
prop_U4_K4,112,0.07819828521460295,0.8607904267311096
prop_U4_K4,113,0.07379625120510658,0.8849807572364807
prop_U4_K4,114,0.07993958432227373,0.8786921548843384
prop_U4_K4,115,0.07391677636653185,0.8566508263349533
prop_U4_K4,116,0.07945372972637416,0.8851927292346954
prop_U4_K4,117,0.07531600691378117,0.8598372703790664
prop_U4_K4,118,0.06983435655633609,0.8662764108181
prop_U4_K4,119,0.07165018660326798,0.8646736180782318
prop_U4_K4,120,0.06883894859502714,0.8727900671958924
prop_U4_K4,121,0.07856065371384223,0.8752403748035431
prop_U4_K4,122,0.07873192333926757,0.8784046268463135
prop_U4_K4,123,0.07537364137669404,0.8822442638874054
prop_U4_K4,124,0.07137894528607527,0.8806492590904236
prop_U4_K4,125,0.06586267430335284,0.8568899059295654
prop_U4_K4,126,0.06794919873277347,0.8857390868663788
prop_U4_K4,127,0.07731126004209121,0.8635250121355057
prop_U4_K4,128,0.06754032039393981,0.8760485768318176
prop_U4_K4,129,0.07341527052223683,0.8812535321712494
prop_U4_K4,130,0.07165308397263288,0.8757689452171326
prop_U4_K4,131,0.07685600601136684,0.8869178855419159
prop_U4_K4,132,0.07399623752882083,0.857090135216713
prop_U4_K4,133,0.07136345711847146,0.889609055519104
prop_U4_K4,134,0.0726149523506562,0.8851913368701935
prop_U4_K4,135,0.0780115895345807,0.8483435612916946
prop_U4_K4,136,0.07707823696235816,0.8564889252185821
prop_U4_K4,137,0.08143541785577933,0.8741413867473602
prop_U4_K4,138,0.07737684447318316,0.8804196870326996
prop_U4_K4,139,0.08151077253123125,0.874912623167038
prop_U4_K4,140,0.07178089967618385,0.8653161132335663
prop_U4_K4,141,0.07314816770454248,0.8899416542053222
prop_U4_K4,142,0.06970223284016053,0.8795392608642578
prop_U4_K4,143,0.07199293094376723,0.878942202925682
prop_U4_K4,144,0.07249401866147916,0.8865891748666763
prop_U4_K4,145,0.07546248743931452,0.885113707780838
prop_U4_K4,146,0.08378391007582346,0.8730727022886277
prop_U4_K4,147,0.07201557168116172,0.857660042643547
prop_U4_K4,148,0.07092133688429991,0.8852693521976471
prop_U4_K4,149,0.06377538440128168,0.8768700540065766
prop_U4_K4,150,0.07722701492408911,0.8682810997962952
prop_U4_K4,151,0.0732338356350859,0.8855308359861374
prop_U4_K4,152,0.07161356887469689,0.8795420145988464
prop_U4_K4,153,0.0661811960550646,0.8767486608028412
prop_U4_K4,154,0.06854859497398139,0.8675337159819901
prop_U4_K4,155,0.07028906363993884,0.8913837146759033
prop_U4_K4,156,0.06728384550660849,0.8593978375196457
prop_U4_K4,157,0.08102881024281183,0.8747655928134919
prop_U4_K4,158,0.07001410872985919,0.8889128363132477
prop_U4_K4,159,0.06765123955905437,0.8921363925933838
prop_U4_K4,160,0.08396657433360816,0.8622848975658417
prop_U4_K4,161,0.07078026618808508,0.886445289850235
prop_U4_K4,162,0.06673658738533655,0.8615418443083763
prop_U4_K4,163,0.07158852862815063,0.8982749032974243
prop_U4_K4,164,0.07499994063129027,0.8886415410041809
prop_U4_K4,165,0.07058529744545619,0.8883769810199738
prop_U4_K4,166,0.06804129239171744,0.884617784023285
prop_U4_K4,167,0.06932199956228335,0.8788813209533691
prop_U4_K4,168,0.07817618565013011,0.8785869300365448
prop_U4_K4,169,0.06984583552926779,0.8814807939529419
prop_U4_K4,170,0.07482294481247663,0.8761890769004822
prop_U4_K4,171,0.0676236672202746,0.8829825973510742
prop_U4_K4,172,0.07710111397008101,0.8805383969843388
prop_U4_K4,173,0.07578909986962874,0.8726030039787293
prop_U4_K4,174,0.07152262783298889,0.8997449433803558
prop_U4_K4,175,0.06807556840280692,0.8849217355251312
prop_U4_K4,176,0.07710507156948249,0.8878090262413025
prop_U4_K4,177,0.06503750889251629,0.8675857168436051
prop_U4_K4,178,0.07549988206475973,0.8709842562675476
prop_U4_K4,179,0.07073352723071973,0.8547030445933342
prop_U4_K4,180,0.06667911141489943,0.8822152870893478
prop_U4_K4,181,0.07282420883576075,0.8695031213760376
prop_U4_K4,182,0.06860428620129824,0.8991511225700378
prop_U4_K4,183,0.06570911776274442,0.8944207119941712
prop_U4_K4,184,0.06835132197166482,0.886265037059784
prop_U4_K4,185,0.06588884436214963,0.8363294172286987
prop_U4_K4,186,0.06305074514821171,0.8604672759771347
prop_U4_K4,187,0.06750334677596886,0.891951253414154
prop_U4_K4,188,0.07126922818521658,0.876824963092804
prop_U4_K4,189,0.07119294566412766,0.8794213446974755
prop_U4_K4,190,0.06943027642865976,0.8743078005313873
prop_U4_K4,191,0.07032879181206227,0.8763145291805268
prop_U4_K4,192,0.07489718789855639,0.8720405614376068
prop_U4_K4,193,0.060941719251374406,0.8953824520111084
prop_U4_K4,194,0.07166421404729287,0.894049367904663
prop_U4_K4,195,0.07739272353549799,0.886928848028183
prop_U4_K4,196,0.0744398345798254,0.8835350048542022
prop_U4_K4,197,0.06909661069512367,0.8716294133663177
prop_U4_K4,198,0.06999288938939571,0.9003084242343903
prop_U4_K4,199,0.06711490172892809,0.8668804037570953
prop_U4_K4,200,0.06850606761251887,0.8807012283802033
prop_U5_K4,1,0.5700194877386093,0.27489018231630324
prop_U5_K4,2,0.3510187339782715,0.5128118693828583
prop_U5_K4,3,0.24671329776446024,0.6213043862581253
prop_U5_K4,4,0.2192087610065937,0.6240496445819735
prop_U5_K4,5,0.2011536551018556,0.6555591344833374
prop_U5_K4,6,0.1935616571456194,0.6813866049051285
prop_U5_K4,7,0.1843181937932968,0.7053034907579422
prop_U5_K4,8,0.17732644990086555,0.7184815472364425
prop_U5_K4,9,0.16067242686947186,0.7132021707296371
prop_U5_K4,10,0.17458713886638483,0.7204176276922226
prop_U5_K4,11,0.15967357225716114,0.731214370727539
prop_U5_K4,12,0.1583747867991527,0.7370696258544922
prop_U5_K4,13,0.15540097909669082,0.7398412120342255
prop_U5_K4,14,0.1520894877364238,0.7542214876413346
prop_U5_K4,15,0.1645697095990181,0.7458022326231003
prop_U5_K4,16,0.14807313680648804,0.7718819439411163
prop_U5_K4,17,0.14153814079860846,0.7551440519094467
prop_U5_K4,18,0.13504597187042236,0.765256325006485
prop_U5_K4,19,0.13600565167764822,0.7374633783102036
prop_U5_K4,20,0.12723413830002148,0.7753840380907059
prop_U5_K4,21,0.12454859708746274,0.7721610671281814
prop_U5_K4,22,0.12613918277124564,0.7871583175659179
prop_U5_K4,23,0.1223721316208442,0.7743510115146637
prop_U5_K4,24,0.12359387484689553,0.7967086350917816
prop_U5_K4,25,0.11913664569457372,0.7840864503383637
prop_U5_K4,26,0.1160511091351509,0.7964463269710541
prop_U5_K4,27,0.11179426431655884,0.785341819524765
prop_U5_K4,28,0.11538339788715045,0.8029052984714508
prop_U5_K4,29,0.12331425207356612,0.8079035925865173
prop_U5_K4,30,0.1106342159708341,0.7933392643928527
prop_U5_K4,31,0.1186083972454071,0.7876276969909668
prop_U5_K4,32,0.10947189092636109,0.7836716079711914
prop_U5_K4,33,0.10826449766755104,0.799822900891304
prop_U5_K4,34,0.11207106548051039,0.7956549906730652
prop_U5_K4,35,0.1053657890111208,0.825385365486145
prop_U5_K4,36,0.10385759461671114,0.8128293764591217
prop_U5_K4,37,0.11313712442914645,0.8072150504589081
prop_U5_K4,38,0.11243130814284086,0.8047621011734009
prop_U5_K4,39,0.11315311203400294,0.7917288535833359
prop_U5_K4,40,0.10377285732577245,0.8256708341836929
prop_U5_K4,41,0.10752441124369701,0.7969731163978576
prop_U5_K4,42,0.10561052996665239,0.8153160893917084
prop_U5_K4,43,0.10207051834712426,0.8421866858005523
prop_U5_K4,44,0.10449560997386774,0.8046119922399521
prop_U5_K4,45,0.10722263144950071,0.7934534075856209
prop_U5_K4,46,0.1006079872821768,0.8176480036973953
prop_U5_K4,47,0.10290503400067488,0.8252454614639282
prop_U5_K4,48,0.10625462805231413,0.8292045748233795
prop_U5_K4,49,0.10338196796675524,0.7962840908765793
prop_U5_K4,50,0.09803540238489707,0.8245637905597687
prop_U5_K4,51,0.10197554274151722,0.8231697124242783
prop_U5_K4,52,0.10032853893935681,0.8447080874443054
prop_U5_K4,53,0.09727298205097516,0.8422642207145691
prop_U5_K4,54,0.0957110344991088,0.8393032252788544
prop_U5_K4,55,0.09430432305981716,0.8341587528586387
prop_U5_K4,56,0.09498694121837616,0.8064723658561707
prop_U5_K4,57,0.08812605310231447,0.8122795569896698
prop_U5_K4,58,0.0947658352429668,0.8375553035736084
prop_U5_K4,59,0.09878629937767983,0.8329490345716476
prop_U5_K4,60,0.09376330733299255,0.8168912261724472
prop_U5_K4,61,0.08899944740037123,0.8309634858369828
prop_U5_K4,62,0.09124077477802833,0.85269624710083
prop_U5_K4,63,0.09242982684324184,0.8426366573572159
prop_U5_K4,64,0.10154237051804861,0.8215356726199389
prop_U5_K4,65,0.09211780236413082,0.8388245630264283
prop_U5_K4,66,0.10756954756875833,0.8327449285984039
prop_U5_K4,67,0.09354379655172428,0.8476792705059052
prop_U5_K4,68,0.09630587742974361,0.8545344352722168
prop_U5_K4,69,0.09766209655751784,0.8507813584804534
prop_U5_K4,70,0.09824600746234258,0.8459009504318238
prop_U5_K4,71,0.09516600389033555,0.8396194809675217
prop_U5_K4,72,0.09418087703486283,0.8408054959774017
prop_U5_K4,73,0.09100693854192893,0.8435882484912872
prop_U5_K4,74,0.09250643731405338,0.85507514834404
prop_U5_K4,75,0.08868530251085759,0.8569660794734955
prop_U5_K4,76,0.08884999160965283,0.8531960153579712
prop_U5_K4,77,0.09810708879182736,0.8545002031326294
prop_U5_K4,78,0.08840027917176485,0.8558352744579315
prop_U5_K4,79,0.08921028492351372,0.8478450417518616
prop_U5_K4,80,0.08932999198635419,0.8504207468032837
prop_U5_K4,81,0.0914380010465781,0.8166142648458481
prop_U5_K4,82,0.08639368695517381,0.8258239592774771
prop_U5_K4,83,0.09372018514821927,0.8073616293072701
prop_U5_K4,84,0.09300919363896053,0.8291930451989173
prop_U5_K4,85,0.0874489954734842,0.8594795125722885
prop_U5_K4,86,0.09688264635701974,0.8280505466461182
prop_U5_K4,87,0.09645673080037037,0.8490931081771851
prop_U5_K4,88,0.08420756423225005,0.8554629111289977
prop_U5_K4,89,0.08468289194007715,0.875696269273758
prop_U5_K4,90,0.08771770399063826,0.8626266586780548
prop_U5_K4,91,0.08693742333600918,0.8630428850650788
prop_U5_K4,92,0.08699021273603041,0.8566817915439606
prop_U5_K4,93,0.07792338119198879,0.8401948565244675
prop_U5_K4,94,0.08502581668396791,0.8504019379615784
prop_U5_K4,95,0.08240868128836155,0.8539543110132217
prop_U5_K4,96,0.08637413691729307,0.8660683572292328
prop_U5_K4,97,0.08893710389733314,0.847224862575531
prop_U5_K4,98,0.086706071558098,0.8459240531921387
prop_U5_K4,99,0.09797454462697108,0.8684256732463836
prop_U5_K4,100,0.08585043226679166,0.8635975748300553
prop_U5_K4,101,0.08389259040355683,0.8284745812416077
prop_U5_K4,102,0.0816926671564579,0.8593213421106338
prop_U5_K4,103,0.08700805599490802,0.8533205366134644
prop_U5_K4,104,0.0863326170668006,0.8542803657054902
prop_U5_K4,105,0.07811758812516928,0.8581787014007568
prop_U5_K4,106,0.08698253595580657,0.8525052142143249
prop_U5_K4,107,0.0827703365435203,0.8723651134967804
prop_U5_K4,108,0.07753906519462665,0.8601823794841766
prop_U5_K4,109,0.08256736862162749,0.853660016655922
prop_U5_K4,110,0.08423794810970624,0.8704972839355469
prop_U5_K4,111,0.07283436642338832,0.8596568304300308
prop_U5_K4,112,0.08508882644275824,0.8483655858039856
prop_U5_K4,113,0.08007769187291464,0.8709249436855316
prop_U5_K4,114,0.08800291599084933,0.8662472832202911
prop_U5_K4,115,0.08188860164334377,0.8412197509407997
prop_U5_K4,116,0.08703229639679194,0.8725986480712891
prop_U5_K4,117,0.08386373753348986,0.8429491022229194
prop_U5_K4,118,0.07676716100424529,0.8562721705436707
prop_U5_K4,119,0.07795241922140121,0.8479467713832856
prop_U5_K4,120,0.07594271811346213,0.8563237226009369
prop_U5_K4,121,0.08521471322824557,0.8605435091257095
prop_U5_K4,122,0.08539016968260209,0.8664867210388184
prop_U5_K4,123,0.08191368982195854,0.8694751131534576
prop_U5_K4,124,0.07709988124668599,0.8639084577560425
prop_U5_K4,125,0.07219096126655737,0.8473094058036804
prop_U5_K4,126,0.0746048575018843,0.8719778233766555
prop_U5_K4,127,0.08522232708831629,0.8420064729452134
prop_U5_K4,128,0.07514625353117783,0.8673618340492248
prop_U5_K4,129,0.07946143947541713,0.8677338361740112
prop_U5_K4,130,0.0779821823288997,0.8661100131273269
prop_U5_K4,131,0.08380286657561858,0.8760197007656098
prop_U5_K4,132,0.08166572961956263,0.8426768845319748
prop_U5_K4,133,0.07670262354115645,0.8704834568500519
prop_U5_K4,134,0.07896865696956713,0.8731655269861222
prop_U5_K4,135,0.08529534208277861,0.8431707018613815
prop_U5_K4,136,0.0836330662916104,0.8434386330842972
prop_U5_K4,137,0.08832228049635887,0.8673699223995208
prop_U5_K4,138,0.08322970507045586,0.8666405642032623
prop_U5_K4,139,0.0876523991053303,0.8653740000724792
prop_U5_K4,140,0.0778521965071559,0.8558802163600921
prop_U5_K4,141,0.08047853569189707,0.8781844997406005
prop_U5_K4,142,0.07562368221580983,0.8646021568775177
prop_U5_K4,143,0.07864469500879447,0.8640969163179397
prop_U5_K4,144,0.07862687348077695,0.8672890889644623
prop_U5_K4,145,0.08286052335053683,0.8688851130008698
prop_U5_K4,146,0.09221738873670499,0.8595790898799897
prop_U5_K4,147,0.07837184894829989,0.8382842242717743
prop_U5_K4,148,0.07722515914589166,0.8798374176025391
prop_U5_K4,149,0.07028383517016967,0.8625033837556839
prop_U5_K4,150,0.08463960591703654,0.8474275416135788
prop_U5_K4,151,0.07958189512292545,0.8729425692558288
prop_U5_K4,152,0.07786962771167358,0.8690543782711029
prop_U5_K4,153,0.0731961103901267,0.8603886961936951
prop_U5_K4,154,0.07629819810390473,0.8539570202678441
prop_U5_K4,155,0.07653796310226123,0.880310024023056
prop_U5_K4,156,0.0757576139519612,0.8481764978170395
prop_U5_K4,157,0.08647373513629039,0.8662818825244903
prop_U5_K4,158,0.07608457456032434,0.8784282398223877
prop_U5_K4,159,0.07364930803577105,0.8806274926662445
prop_U5_K4,160,0.09047453741232554,0.8514053875207901
prop_U5_K4,161,0.07799076816687982,0.8709337747097016
prop_U5_K4,162,0.07328508581966162,0.8502018427848816
prop_U5_K4,163,0.07872414145618677,0.8865449702739716
prop_U5_K4,164,0.08274046757568916,0.8751628088951111
prop_U5_K4,165,0.07861243955790996,0.8739388799667358
prop_U5_K4,166,0.07444060996174812,0.8730216181278229
prop_U5_K4,167,0.07455457797894875,0.8654974746704102
prop_U5_K4,168,0.08446005586534738,0.8637765657901764
prop_U5_K4,169,0.07722518517325322,0.8731269383430481
prop_U5_K4,170,0.08140520080924034,0.8661295664310455
prop_U5_K4,171,0.07387578291197618,0.866384608745575
prop_U5_K4,172,0.08389144769559304,0.8720120385289192
prop_U5_K4,173,0.08213980219016473,0.8543332898616791
prop_U5_K4,174,0.07926653113216162,0.8887296366691589
prop_U5_K4,175,0.07427988993624846,0.8752447581291198
prop_U5_K4,176,0.083215884976089,0.8724259114265442
prop_U5_K4,177,0.07087189875543118,0.8544430911540986
prop_U5_K4,178,0.08169810614238182,0.8595918875932693
prop_U5_K4,179,0.07702375402053198,0.8356410878896713
prop_U5_K4,180,0.0735486959417661,0.8704412362724543
prop_U5_K4,181,0.07975881428768238,0.8523369550704956
prop_U5_K4,182,0.07596010768165191,0.8863734126091003
prop_U5_K4,183,0.07154655583202839,0.8850160777568817
prop_U5_K4,184,0.07502224382013083,0.8736166960000992
prop_U5_K4,185,0.07204198326915502,0.8112054161727429
prop_U5_K4,186,0.06940605567147334,0.8490260982513428
prop_U5_K4,187,0.07416474351038535,0.8770391440391541
prop_U5_K4,188,0.07815368140737215,0.8645113080739975
prop_U5_K4,189,0.07809579234570264,0.8690913427993655
prop_U5_K4,190,0.07650661603858074,0.8567255556583404
prop_U5_K4,191,0.0771829442307353,0.8684233677387238
prop_U5_K4,192,0.08161618190507094,0.8536956664919854
prop_U5_K4,193,0.06697894514848789,0.8851223433017731
prop_U5_K4,194,0.07738853227347135,0.8786185657978058
prop_U5_K4,195,0.08402942694723606,0.8727513593435288
prop_U5_K4,196,0.08219385990252097,0.8699746549129486
prop_U5_K4,197,0.07666661091148853,0.8607986772060394
prop_U5_K4,198,0.07633507454146941,0.891216841340065
prop_U5_K4,199,0.07340132279942434,0.8478406392410398
prop_U5_K4,200,0.07454220766822497,0.8751178240776062
prop_U6_K4,1,0.573513505756855,0.25599725395441053
prop_U6_K4,2,0.35943643098076183,0.5072600451111794
prop_U6_K4,3,0.25452075749635694,0.6077646315097809
prop_U6_K4,4,0.2241270443300406,0.604500450193882
prop_U6_K4,5,0.2051819944381714,0.6420111590623856
prop_U6_K4,6,0.19862520957986513,0.6687019991874695
prop_U6_K4,7,0.18794049764672915,0.6879156708717347
prop_U6_K4,8,0.18187283548216024,0.7157521581649781
prop_U6_K4,9,0.16656418427824973,0.7019435971975326
prop_U6_K4,10,0.1786528023829063,0.7093780249357223
prop_U6_K4,11,0.16554032216469447,0.7172785329818726
prop_U6_K4,12,0.16363470894594986,0.7226295077800751
prop_U6_K4,13,0.16135051841537157,0.729008047580719
prop_U6_K4,14,0.1591591588407755,0.739064422249794
prop_U6_K4,15,0.17066924604276815,0.7346696346998215
prop_U6_K4,16,0.15297316844264666,0.7603492283821106
prop_U6_K4,17,0.14751054684321085,0.7436510878801346
prop_U6_K4,18,0.14128550082445146,0.7567342138290405
prop_U6_K4,19,0.14397821930547555,0.7247320212423801
prop_U6_K4,20,0.13212613811095555,0.7550797235965728
prop_U6_K4,21,0.13093483733634154,0.7624705812335014
prop_U6_K4,22,0.13187898317972818,0.7749127852916717
prop_U6_K4,23,0.12665324139098327,0.7607254803180694
prop_U6_K4,24,0.12824310091634591,0.7785582137107849
prop_U6_K4,25,0.12462788271407287,0.770726900100708
prop_U6_K4,26,0.12218876716991266,0.7827087950706482
prop_U6_K4,27,0.11771454801162085,0.7790762001276016
prop_U6_K4,28,0.12193991027772427,0.7920161867141724
prop_U6_K4,29,0.13062928460538387,0.7963478624820709
prop_U6_K4,30,0.11507473441461723,0.778109285235405
prop_U6_K4,31,0.12477868556976318,0.7755529862642289
prop_U6_K4,32,0.11452298281093438,0.7736908608675003
prop_U6_K4,33,0.11308752396454413,0.7821260988712311
prop_U6_K4,34,0.11718505315482616,0.7856721469759941
prop_U6_K4,35,0.11252455957233906,0.808632150888443
prop_U6_K4,36,0.11103217793007691,0.7997837924957275
prop_U6_K4,37,0.12032676028708617,0.7975762915611267
prop_U6_K4,38,0.11881984757880369,0.7994855999946594
prop_U6_K4,39,0.11891719902555148,0.7766822123527527
prop_U6_K4,40,0.10923603471368551,0.8110167849063873
prop_U6_K4,41,0.11110926643013955,0.7865539336204529
prop_U6_K4,42,0.11112885100146135,0.8041504001617432
prop_U6_K4,43,0.1106351400911808,0.8298625123500823
prop_U6_K4,44,0.11089958334962527,0.7953955215215683
prop_U6_K4,45,0.11474070527901252,0.7827373069524765
prop_U6_K4,46,0.10768908391396205,0.8076303052902222
prop_U6_K4,47,0.11015452767411868,0.8065541696548462
prop_U6_K4,48,0.11183325074613094,0.8201259171962738
prop_U6_K4,49,0.10703480853388707,0.7853485864400863
prop_U6_K4,50,0.10327604151020447,0.8127162718772888
prop_U6_K4,51,0.10869735163946946,0.811760327219963
prop_U6_K4,52,0.10837910007685422,0.8326757562160492
prop_U6_K4,53,0.10273899822185437,0.8358708357810974
prop_U6_K4,54,0.10131171262512605,0.8352923488616943
prop_U6_K4,55,0.10168938376009465,0.8236318349838256
prop_U6_K4,56,0.10052596313258012,0.7969124323129654
prop_U6_K4,57,0.09385433523605267,0.7993073332309723
prop_U6_K4,58,0.10047028043617805,0.8223606270551681
prop_U6_K4,59,0.10484291498859723,0.8196838295459747
prop_U6_K4,60,0.09986959550529718,0.8068590134382247
prop_U6_K4,61,0.09488414485007525,0.825079203248024
prop_U6_K4,62,0.09667834135393302,0.8380815017223359
prop_U6_K4,63,0.09843901816755533,0.8263140374422073
prop_U6_K4,64,0.10771167654544116,0.8066663702577352
prop_U6_K4,65,0.09991041500121355,0.8313677644729615
prop_U6_K4,66,0.11287097821633021,0.8166965556144714
prop_U6_K4,67,0.09898526825010777,0.839738998413086
prop_U6_K4,68,0.10339273213098446,0.8485165655612945
prop_U6_K4,69,0.10330413149048885,0.8415693664550781
prop_U6_K4,70,0.10414304080108802,0.8288191938400269
prop_U6_K4,71,0.1014790507654349,0.8272739136219025
prop_U6_K4,72,0.10018779293944438,0.8328498029708862
prop_U6_K4,73,0.09704466397563616,0.832104572057724
prop_U6_K4,74,0.09954889288793008,0.8464379739761353
prop_U6_K4,75,0.09605459439257781,0.8449367642402649
prop_U6_K4,76,0.0952556621407469,0.8370247793197632
prop_U6_K4,77,0.10559428265939157,0.8371987241506577
prop_U6_K4,78,0.09536552825321754,0.8383336079120636
prop_U6_K4,79,0.09499570162345966,0.8367596566677094
prop_U6_K4,80,0.09475059246023496,0.8500113832950592
prop_U6_K4,81,0.09855174804727236,0.8042403030395507
prop_U6_K4,82,0.09271074756979943,0.8125625540816691
prop_U6_K4,83,0.09949734892696142,0.790656932592392
prop_U6_K4,84,0.09981510444233815,0.8181489866971969
prop_U6_K4,85,0.09318135057886441,0.8454178947210312
prop_U6_K4,86,0.1021133092790842,0.8163630276918411
prop_U6_K4,87,0.10201075578729311,0.8413241159915924
prop_U6_K4,88,0.0898957583680749,0.8296395552158355
prop_U6_K4,89,0.09068708666910728,0.8618449711799622
prop_U6_K4,90,0.09397810079157352,0.8528057193756103
prop_U6_K4,91,0.09347441180298725,0.8514326250553131
prop_U6_K4,92,0.09281622232248386,0.8471527922153473
prop_U6_K4,93,0.08306277292470138,0.8270277351140976
prop_U6_K4,94,0.09374575935304165,0.8400915914773941
prop_U6_K4,95,0.08825900487601757,0.8404849827289581
prop_U6_K4,96,0.09176986481994391,0.8503640758991241
prop_U6_K4,97,0.09487577711542447,0.8426832580566406
prop_U6_K4,98,0.09144609039028485,0.8352462589740753
prop_U6_K4,99,0.10403585066397984,0.8566966301202774
prop_U6_K4,100,0.09192676319430272,0.8485489946603775
prop_U6_K4,101,0.08992816923807065,0.8191552686691285
prop_U6_K4,102,0.08761908747255802,0.8478716444969178
prop_U6_K4,103,0.09320701551934084,0.8384098410606384
prop_U6_K4,104,0.09159112975001335,0.8461319732666016
prop_U6_K4,105,0.0844131330276529,0.8435297536849976
prop_U6_K4,106,0.09249107994139194,0.8405064064264297
prop_U6_K4,107,0.08929234781612952,0.8654219472408294
prop_U6_K4,108,0.08276464102168878,0.8502384108304978
prop_U6_K4,109,0.08955147210508585,0.8447206138074398
prop_U6_K4,110,0.09023421290020148,0.8578780245780945
prop_U6_K4,111,0.07843759616216024,0.8459252089262008
prop_U6_K4,112,0.09209265923748414,0.8321344304084778
prop_U6_K4,113,0.08585939507931471,0.8610196232795715
prop_U6_K4,114,0.09311513967812061,0.8536905634403229
prop_U6_K4,115,0.08689958502848943,0.8304163414239883
prop_U6_K4,116,0.09355522929380337,0.861558610200882
prop_U6_K4,117,0.08862090973804394,0.8333614955842495
prop_U6_K4,118,0.08294154560814301,0.843622053861618
prop_U6_K4,119,0.08418174919982752,0.8411320507526397
prop_U6_K4,120,0.08116049888233344,0.8424146115779877
prop_U6_K4,121,0.09069523849834998,0.8528095960617066
prop_U6_K4,122,0.09112515033533176,0.8518596929311752
prop_U6_K4,123,0.08778743345290423,0.8618467903137207
prop_U6_K4,124,0.08352946300059556,0.8571326148509979
prop_U6_K4,125,0.07744669154286385,0.8368412727117538
prop_U6_K4,126,0.07964426120122274,0.8634884214401245
prop_U6_K4,127,0.0900339396794637,0.8295257997512817
prop_U6_K4,128,0.07968698713928461,0.8553037750720978
prop_U6_K4,129,0.08527059877912203,0.8583300471305847
prop_U6_K4,130,0.08390319092820088,0.8529900854825974
prop_U6_K4,131,0.08974835084130367,0.8641625952720642
prop_U6_K4,132,0.08705932384977738,0.8410496020317078
prop_U6_K4,133,0.08189467010398706,0.8645575833320618
prop_U6_K4,134,0.0845848589638869,0.8647952222824097
prop_U6_K4,135,0.09133567420144875,0.8338016897439957
prop_U6_K4,136,0.08963782202452421,0.8275073492527008
prop_U6_K4,137,0.09438897099345922,0.8533941400051117
prop_U6_K4,138,0.08939142094304164,0.8575887668132782
prop_U6_K4,139,0.09447475403547287,0.8483174932003021
prop_U6_K4,140,0.0842153637856245,0.8465623140335083
prop_U6_K4,141,0.0857131702080369,0.8667588102817535
prop_U6_K4,142,0.08183424152433873,0.8554154431819916
prop_U6_K4,143,0.08338664608697097,0.8525940629839898
prop_U6_K4,144,0.08333790643761556,0.8643372189998627
prop_U6_K4,145,0.08809405926615,0.8598396062850953
prop_U6_K4,146,0.09654579499115547,0.8516574168205261
prop_U6_K4,147,0.08471213158220053,0.8287246716022492
prop_U6_K4,148,0.08221311800181866,0.8630497837066651
prop_U6_K4,149,0.07522731562455495,0.8494656479358673
prop_U6_K4,150,0.08981926932930946,0.8436902165412903
prop_U6_K4,151,0.08555502211054167,0.862090639770031
prop_U6_K4,152,0.08481889183322588,0.8559896969795227
prop_U6_K4,153,0.07831042246272167,0.8501096785068512
prop_U6_K4,154,0.08148397093017896,0.8441009777784347
prop_U6_K4,155,0.0831898995861411,0.868865841627121
prop_U6_K4,156,0.08114414504418771,0.8400219607353211
prop_U6_K4,157,0.09340338787684838,0.8481892716884613
prop_U6_K4,158,0.08267245064179103,0.8681598114967346
prop_U6_K4,159,0.07915192344536384,0.8660191476345063
prop_U6_K4,160,0.09650060884654522,0.8418365687131881
prop_U6_K4,161,0.08393055441478889,0.8599301910400391
prop_U6_K4,162,0.07890396318087975,0.8382426077127456
prop_U6_K4,163,0.08430901274085045,0.8765514206886291
prop_U6_K4,164,0.08926923035333555,0.865685533285141
prop_U6_K4,165,0.08386845516661803,0.8633065378665924
prop_U6_K4,166,0.08010958354920149,0.8661525082588196
prop_U6_K4,167,0.08084289167076349,0.8594063735008239
prop_U6_K4,168,0.0902500297750036,0.851168622970581
prop_U6_K4,169,0.08226871696611246,0.8603792035579682
prop_U6_K4,170,0.0878159694870313,0.8587120831012726
prop_U6_K4,171,0.08024138792107503,0.861770042181015
prop_U6_K4,172,0.08875457062075535,0.8555251750349998
prop_U6_K4,173,0.0879760077719887,0.8418872314691543
prop_U6_K4,174,0.08412283127506574,0.8756216299533844
prop_U6_K4,175,0.0805647566790382,0.8573090934753418
prop_U6_K4,176,0.09005143608897924,0.8618798100948334
prop_U6_K4,177,0.07775583527982236,0.8424994665384292
prop_U6_K4,178,0.08892656666537126,0.8485810148715973
prop_U6_K4,179,0.08293784577399492,0.8196733999252319
prop_U6_K4,180,0.07871965069323777,0.8595442235469818
prop_U6_K4,181,0.08511169162889322,0.8358761286735534
prop_U6_K4,182,0.08082644189397493,0.8775852465629578
prop_U6_K4,183,0.07773966247836749,0.8732849895954132
prop_U6_K4,184,0.08030045838405689,0.8614178717136383
prop_U6_K4,185,0.07850225248684485,0.7993298333883285
prop_U6_K4,186,0.07475674706200759,0.835805533528328
prop_U6_K4,187,0.08026073570052783,0.8626816952228546
prop_U6_K4,188,0.08431170240044594,0.8505761981010437
prop_U6_K4,189,0.08397290270775556,0.8579094516206532
prop_U6_K4,190,0.08223483085632324,0.8490930104255676
prop_U6_K4,191,0.08362147168566783,0.8503488039970398
prop_U6_K4,192,0.08729650506128868,0.8449614836275577
prop_U6_K4,193,0.07213805249581734,0.872839629650116
prop_U6_K4,194,0.08317265331745148,0.8707050049304962
prop_U6_K4,195,0.09039612305661042,0.8647420299053192
prop_U6_K4,196,0.08797456144044796,0.8592590093612671
prop_U6_K4,197,0.08261804088950157,0.8514834487438202
prop_U6_K4,198,0.08264076980451743,0.8761633145809173
prop_U6_K4,199,0.07978039331734181,0.8421376505494118
prop_U6_K4,200,0.07999431827416023,0.8581583309173584
ksweep_U4_K1,1,0.4417973596851031,0.4310543191432953
ksweep_U4_K1,2,0.29571136717995006,0.5380544000864029
ksweep_U4_K1,3,0.24228173544009526,0.6124763709306716
ksweep_U4_K1,4,0.22427487134933471,0.5975448539853097
ksweep_U4_K1,5,0.205810467650493,0.6363162130117417
ksweep_U4_K1,6,0.2012363052368164,0.6409190088510514
ksweep_U4_K1,7,0.19125240258872508,0.6659673124551773
ksweep_U4_K1,8,0.1870739751805862,0.6877265357971192
ksweep_U4_K1,9,0.1739776734262705,0.6701641410589219
ksweep_U4_K1,10,0.18777813844382762,0.6879941648244858
ksweep_U4_K1,11,0.17589309737086295,0.6983866119384765
ksweep_U4_K1,12,0.17172723377744356,0.6963567620515824
ksweep_U4_K1,13,0.16997034907341002,0.6994648146629333
ksweep_U4_K1,14,0.17116250606874625,0.7083169037103653
ksweep_U4_K1,15,0.18187461433311303,0.7095632010698318
ksweep_U4_K1,16,0.16616708613932132,0.7259373128414154
ksweep_U4_K1,17,0.1605565721541643,0.7114859274029732
ksweep_U4_K1,18,0.15663145087659358,0.7193318819999694
ksweep_U4_K1,19,0.15622256035606066,0.6857661984860897
ksweep_U4_K1,20,0.1490204362819592,0.7260841378569602
ksweep_U4_K1,21,0.14456577417751154,0.7223993852734566
ksweep_U4_K1,22,0.1454563355197509,0.743401015996933
ksweep_U4_K1,23,0.14294495607415836,0.7163677495718003
ksweep_U4_K1,24,0.14781625842054685,0.7464679288864136
ksweep_U4_K1,25,0.14208938874304294,0.7350627911090851
ksweep_U4_K1,26,0.14091130678852398,0.7432286357879638
ksweep_U4_K1,27,0.13402766965329646,0.7314714139699936
ksweep_U4_K1,28,0.14053777538239956,0.7550845515727996
ksweep_U4_K1,29,0.14808180503547191,0.7527423143386841
ksweep_U4_K1,30,0.134753280878067,0.7382282862067222
ksweep_U4_K1,31,0.14239404489596685,0.7349180501699447
ksweep_U4_K1,32,0.13300761858622234,0.7279290825128555
ksweep_U4_K1,33,0.1323291706542174,0.7398731476068496
ksweep_U4_K1,34,0.13585244772334892,0.7329316532611847
ksweep_U4_K1,35,0.13179751458267372,0.7648496031761169
ksweep_U4_K1,36,0.13120927413304648,0.7544424808025361
ksweep_U4_K1,37,0.13928927776714167,0.758196712732315
ksweep_U4_K1,38,0.13731980815529823,0.7491271239519119
ksweep_U4_K1,39,0.13526902770002683,0.7296046108007431
ksweep_U4_K1,40,0.12788491636514665,0.7708384323120118
ksweep_U4_K1,41,0.13236911336580912,0.7392599576711655
ksweep_U4_K1,42,0.1299934666355451,0.7682522428035736
ksweep_U4_K1,43,0.13027997670074304,0.7853045642375946
ksweep_U4_K1,44,0.1318986755112807,0.7526123261451722
ksweep_U4_K1,45,0.13438469161589942,0.7340910631418228
ksweep_U4_K1,46,0.1287558354685704,0.7690304559469223
ksweep_U4_K1,47,0.12954024866223335,0.7621285659074784
ksweep_U4_K1,48,0.1326419910788536,0.7764612472057343
ksweep_U4_K1,49,0.130856155504783,0.7316644078493119
ksweep_U4_K1,50,0.12504523292183875,0.7769324588775635
ksweep_U4_K1,51,0.1306732700765133,0.7672954279184342
ksweep_U4_K1,52,0.126928820759058,0.7885180860757828
ksweep_U4_K1,53,0.12160934551308553,0.7877455580234528
ksweep_U4_K1,54,0.12300395694871744,0.7904047304391861
ksweep_U4_K1,55,0.12184768062084914,0.7804719778895378
ksweep_U4_K1,56,0.11937150618682305,0.7393903852999211
ksweep_U4_K1,57,0.11455134594192108,0.746468597650528
ksweep_U4_K1,58,0.12086648743599654,0.7782330024242401
ksweep_U4_K1,59,0.12679981748263042,0.7790208691358567
ksweep_U4_K1,60,0.12088208032151063,0.7558415466547013
ksweep_U4_K1,61,0.11611445665359497,0.7759455275535584
ksweep_U4_K1,62,0.11784357162813346,0.800170407295227
ksweep_U4_K1,63,0.11992265506337087,0.7830124711990356
ksweep_U4_K1,64,0.13030741353829703,0.7624193406850099
ksweep_U4_K1,65,0.11879283285389344,0.7776637077331543
ksweep_U4_K1,66,0.13548401656250159,0.7757402795553208
ksweep_U4_K1,67,0.12086301981161038,0.7910289752483368
ksweep_U4_K1,68,0.12416275471448898,0.8040028607845306
ksweep_U4_K1,69,0.12644314260532458,0.7930730187892914
ksweep_U4_K1,70,0.12814122849454482,0.791441752910614
ksweep_U4_K1,71,0.12294743213802577,0.7789974594116211
ksweep_U4_K1,72,0.1246967522924145,0.7839946556091308
ksweep_U4_K1,73,0.12024646468460559,0.7813149440288544
ksweep_U4_K1,74,0.12135356823603312,0.7912023293972016
ksweep_U4_K1,75,0.1195349853982528,0.8038679480552673
ksweep_U4_K1,76,0.11707790573438008,0.7850173020362854
ksweep_U4_K1,77,0.12636785651246707,0.7934939801692963
ksweep_U4_K1,78,0.11891613739232222,0.7904483699798583
ksweep_U4_K1,79,0.11773203569153945,0.7953666925430298
ksweep_U4_K1,80,0.1192376242329677,0.7990331399440765
ksweep_U4_K1,81,0.11926532253623008,0.7530869290232658
ksweep_U4_K1,82,0.11315812030186256,0.7767260517179966
ksweep_U4_K1,83,0.12099229622632265,0.7290978194773197
ksweep_U4_K1,84,0.12149908751249314,0.7677766638621688
ksweep_U4_K1,85,0.11555177401751279,0.8032456034421921
ksweep_U4_K1,86,0.12532087681194146,0.7707751753926277
ksweep_U4_K1,87,0.12504507547865312,0.7918085426092147
ksweep_U4_K1,88,0.11320309070249399,0.7927061656117439
ksweep_U4_K1,89,0.11374353221307199,0.8173286831378936
ksweep_U4_K1,90,0.11539720978587865,0.8026586425304413
ksweep_U4_K1,91,0.11912598859518767,0.809484452009201
ksweep_U4_K1,92,0.11892838692913453,0.7947365236282349
ksweep_U4_K1,93,0.10394182012726863,0.7806846761703491
ksweep_U4_K1,94,0.11654158543795347,0.7893467617034912
ksweep_U4_K1,95,0.11140788408617179,0.798218891620636
ksweep_U4_K1,96,0.11574219014495611,0.7995158791542053
ksweep_U4_K1,97,0.1195212984457612,0.7924819326400757
ksweep_U4_K1,98,0.11527569527427356,0.7783883219957352
ksweep_U4_K1,99,0.12806511726230382,0.809001874923706
ksweep_U4_K1,100,0.1161762704824408,0.7982028502225876
ksweep_U4_K1,101,0.11443644742170969,0.7728214168548584
ksweep_U4_K1,102,0.11260711800307036,0.7984186494350434
ksweep_U4_K1,103,0.11794249411672354,0.7933707916736603
ksweep_U4_K1,104,0.1146191651498278,0.7978398329019547
ksweep_U4_K1,105,0.10836175482720137,0.8017398837208748
ksweep_U4_K1,106,0.11812061152110497,0.7894061827659606
ksweep_U4_K1,107,0.11239684913307428,0.812793242931366
ksweep_U4_K1,108,0.10724790972967943,0.7979036784172058
ksweep_U4_K1,109,0.11409752079596122,0.7980953362584114
ksweep_U4_K1,110,0.11351176348825295,0.8103345382213593
ksweep_U4_K1,111,0.10202732959141333,0.7953812432289123
ksweep_U4_K1,112,0.11862926434725524,0.785155577659607
ksweep_U4_K1,113,0.10793321230759223,0.8096663975715637
ksweep_U4_K1,114,0.11746216821173827,0.806572117805481
ksweep_U4_K1,115,0.1109620146577557,0.7843698988109827
ksweep_U4_K1,116,0.11817736101647218,0.8190178698301316
ksweep_U4_K1,117,0.11202675054470698,0.7816796101629734
ksweep_U4_K1,118,0.10926641872773568,0.7901811200380325
ksweep_U4_K1,119,0.10921682454645634,0.780539082288742
ksweep_U4_K1,120,0.10375381556650003,0.7920703727006912
ksweep_U4_K1,121,0.11497688627491395,0.7988100671768188
ksweep_U4_K1,122,0.114504915351669,0.8017826454341411
ksweep_U4_K1,123,0.11227707320203384,0.8084299850463867
ksweep_U4_K1,124,0.1066723280151685,0.8042782425880433
ksweep_U4_K1,125,0.10017245518664519,0.7826335248351097
ksweep_U4_K1,126,0.10541774335006873,0.8140653496980668
ksweep_U4_K1,127,0.11410332852353652,0.7821905022859573
ksweep_U4_K1,128,0.10402282054225603,0.8117806696891785
ksweep_U4_K1,129,0.10801647012432417,0.8065614831447602
ksweep_U4_K1,130,0.10880825801442066,0.7994859331846237
ksweep_U4_K1,131,0.11460208864261706,0.819535368680954
ksweep_U4_K1,132,0.11283589751770098,0.7779010379314423
ksweep_U4_K1,133,0.10549019667009513,0.8181970083713531
ksweep_U4_K1,134,0.11060196856657664,0.8182960432767868
ksweep_U4_K1,135,0.11601697993775209,0.7721462753415108
ksweep_U4_K1,136,0.11592862104376157,0.7712730550765992
ksweep_U4_K1,137,0.12085846294959386,0.8037493824958801
ksweep_U4_K1,138,0.1120211574807763,0.8097805964946747
ksweep_U4_K1,139,0.11834735897680124,0.7986440378427505
ksweep_U4_K1,140,0.10738937115917603,0.7895391055941582
ksweep_U4_K1,141,0.10947464606414238,0.818088881969452
ksweep_U4_K1,142,0.10733509885768096,0.8055180460214615
ksweep_U4_K1,143,0.10717364876220624,0.8094218176603317
ksweep_U4_K1,144,0.10754909640798967,0.8157436841726303
ksweep_U4_K1,145,0.11520715903490782,0.8117439663410186
ksweep_U4_K1,146,0.1221506575246652,0.8044434848427773
ksweep_U4_K1,147,0.10959712831924359,0.7776628112792969
ksweep_U4_K1,148,0.10791015694538753,0.8189848339557648
ksweep_U4_K1,149,0.09935669841865699,0.8034853386878967
ksweep_U4_K1,150,0.11503904143969218,0.7938511377573013
ksweep_U4_K1,151,0.10915867922206719,0.8206588363647461
ksweep_U4_K1,152,0.11134646929800511,0.8078092396259308
ksweep_U4_K1,153,0.10200470741838216,0.7882783186435699
ksweep_U4_K1,154,0.1082389080648621,0.790656418055296
ksweep_U4_K1,155,0.10932714064915974,0.8188288271427154
ksweep_U4_K1,156,0.10693174956987302,0.7848267012834549
ksweep_U4_K1,157,0.11828030527879795,0.7960457897186279
ksweep_U4_K1,158,0.10792382771770159,0.8205144095420838
ksweep_U4_K1,159,0.10407304221143325,0.8178187811374664
ksweep_U4_K1,160,0.1211879684155186,0.7925041130185128
ksweep_U4_K1,161,0.10863734332223733,0.8155175322294235
ksweep_U4_K1,162,0.10353409149994452,0.7893340514600277
ksweep_U4_K1,163,0.10992415475348631,0.8267032194137574
ksweep_U4_K1,164,0.11718813625474771,0.8143017983436585
ksweep_U4_K1,165,0.10897304471582174,0.808602876663208
ksweep_U4_K1,166,0.10616584325830142,0.8102805936336517
ksweep_U4_K1,167,0.10735268534471591,0.8015424871444702
ksweep_U4_K1,168,0.11767328356703123,0.7955226886272431
ksweep_U4_K1,169,0.10674891836941242,0.7981277310848236
ksweep_U4_K1,170,0.1149516220142444,0.8034921264648438
ksweep_U4_K1,171,0.10513953788826863,0.8060604053735733
ksweep_U4_K1,172,0.11503782335668802,0.8111569587886334
ksweep_U4_K1,173,0.11322765265901884,0.7829577720165253
ksweep_U4_K1,174,0.11028543112178643,0.8288226592540741
ksweep_U4_K1,175,0.10665013701965412,0.8063197040557861
ksweep_U4_K1,176,0.11439522579312325,0.8105382025241852
ksweep_U4_K1,177,0.10144566733390092,0.7857506549358368
ksweep_U4_K1,178,0.11620461067805687,0.7860035997629166
ksweep_U4_K1,179,0.10876125967750946,0.7662178678810596
ksweep_U4_K1,180,0.10344948875407378,0.8102667763084174
ksweep_U4_K1,181,0.11121058209488789,0.7773759150505066
ksweep_U4_K1,182,0.10635674903790156,0.8241141402721405
ksweep_U4_K1,183,0.10150471162050963,0.8199520528316497
ksweep_U4_K1,184,0.10751480729629596,0.8050491273403168
ksweep_U4_K1,185,0.10478029059867064,0.7425621746480465
ksweep_U4_K1,186,0.10028807169447343,0.7737869481742382
ksweep_U4_K1,187,0.10668137098352114,0.8140197908878326
ksweep_U4_K1,188,0.11125833210845788,0.7991899669170379
ksweep_U4_K1,189,0.1115860615670681,0.8032371634989977
ksweep_U4_K1,190,0.10783734912673633,0.7850873881578445
ksweep_U4_K1,191,0.11029983498156071,0.7985939335823059
ksweep_U4_K1,192,0.11250811476260424,0.7895032808184623
ksweep_U4_K1,193,0.09483003915597996,0.8216347575187684
ksweep_U4_K1,194,0.10874779170999925,0.8219828796386719
ksweep_U4_K1,195,0.11690951333691676,0.8165975421667099
ksweep_U4_K1,196,0.11436383900543054,0.807498899102211
ksweep_U4_K1,197,0.10726037709663312,0.7902733600139618
ksweep_U4_K1,198,0.10919703823824724,0.8370979452133178
ksweep_U4_K1,199,0.10483274151881536,0.7839130526781082
ksweep_U4_K1,200,0.10660169556736947,0.8044705605506897
ksweep_U4_K2,1,0.464162978430589,0.42113801792263983
ksweep_U4_K2,2,0.29649620061119397,0.5623989027738571
ksweep_U4_K2,3,0.23335464080174764,0.6407962667942048
ksweep_U4_K2,4,0.2130026497443517,0.6320629530400038
ksweep_U4_K2,5,0.19140686765313147,0.6766052502393722
ksweep_U4_K2,6,0.18817581380407014,0.6735863256454467
ksweep_U4_K2,7,0.17810204168160756,0.7084552955627441
ksweep_U4_K2,8,0.17096426839629808,0.7316697990894317
ksweep_U4_K2,9,0.15541104602317016,0.7183688938617706
ksweep_U4_K2,10,0.16915281313161054,0.721744921207428
ksweep_U4_K2,11,0.1567651410152515,0.7311236047744751
ksweep_U4_K2,12,0.15510140637556713,0.7276069486141205
ksweep_U4_K2,13,0.15156845855216186,0.7434157317876816
ksweep_U4_K2,14,0.15184215913216273,0.7433034324645996
ksweep_U4_K2,15,0.16309579871594906,0.7474728554487229
ksweep_U4_K2,16,0.1460830156505108,0.7674270236492157
ksweep_U4_K2,17,0.14194169687728087,0.7502150338888168
ksweep_U4_K2,18,0.13608811815579733,0.759547581076622
ksweep_U4_K2,19,0.13522681278487048,0.7312928825616837
ksweep_U4_K2,20,0.1284538799027602,0.7664042955636978
ksweep_U4_K2,21,0.12579814665019512,0.758722582757473
ksweep_U4_K2,22,0.12635330592592559,0.7785028398036957
ksweep_U4_K2,23,0.12289699623982112,0.7618515962362289
ksweep_U4_K2,24,0.12542617969214917,0.7854321956634521
ksweep_U4_K2,25,0.12296099913616976,0.7804397451877594
ksweep_U4_K2,26,0.12019438534975052,0.7733202248811721
ksweep_U4_K2,27,0.11462452702224254,0.7807103276252747
ksweep_U4_K2,28,0.11977826123436291,0.7936770260334015
ksweep_U4_K2,29,0.1272649985800187,0.7929796147346496
ksweep_U4_K2,30,0.11480265758931636,0.7788361793756485
ksweep_U4_K2,31,0.12365475880602995,0.7799965447187424
ksweep_U4_K2,32,0.11125951019426186,0.7735421764850616
ksweep_U4_K2,33,0.11174757258345683,0.7887757831811905
ksweep_U4_K2,34,0.11604260576268037,0.788257896900177
ksweep_U4_K2,35,0.10962612204253673,0.8117726540565491
ksweep_U4_K2,36,0.1092769242823124,0.8004763209819794
ksweep_U4_K2,37,0.11957989784578482,0.790676268339157
ksweep_U4_K2,38,0.11651391157259544,0.799517412185669
ksweep_U4_K2,39,0.11521025930841763,0.7737062016129493
ksweep_U4_K2,40,0.10771111370374759,0.8117258054018021
ksweep_U4_K2,41,0.11204094257205725,0.7780344349145889
ksweep_U4_K2,42,0.10911046303808689,0.8088642525672912
ksweep_U4_K2,43,0.10989473216235637,0.8314927625656128
ksweep_U4_K2,44,0.11045369612673918,0.790093691945076
ksweep_U4_K2,45,0.11228544743110737,0.7741589618846774
ksweep_U4_K2,46,0.10751521266996861,0.8031039905548095
ksweep_U4_K2,47,0.10764027729630471,0.807530733346939
ksweep_U4_K2,48,0.11259999342262744,0.8170559668540954
ksweep_U4_K2,49,0.10782212562859059,0.7824967268109322
ksweep_U4_K2,50,0.10363765380034844,0.8098735266923904
ksweep_U4_K2,51,0.10956659109642108,0.8081376892328263
ksweep_U4_K2,52,0.10462238896638155,0.8295713412761688
ksweep_U4_K2,53,0.10155062353859345,0.8305936527252197
ksweep_U4_K2,54,0.10113341661791007,0.8319827818870544
ksweep_U4_K2,55,0.10075151685625315,0.8182754847407341
ksweep_U4_K2,56,0.0997543678432703,0.7882891339063645
ksweep_U4_K2,57,0.09504360492030779,0.7869838011264801
ksweep_U4_K2,58,0.09974715529630582,0.8233732461929322
ksweep_U4_K2,59,0.10539652484158675,0.8151488411426544
ksweep_U4_K2,60,0.10056000464906295,0.8042968010902405
ksweep_U4_K2,61,0.09644209862997134,0.8225717946887017
ksweep_U4_K2,62,0.0966058284168442,0.8358282494544983
ksweep_U4_K2,63,0.09729031993697088,0.8204134744405747
ksweep_U4_K2,64,0.10936924113581578,0.8103811120986939
ksweep_U4_K2,65,0.09962067782878875,0.8238454252481461
ksweep_U4_K2,66,0.11327916897833347,0.8192845809459687
ksweep_U4_K2,67,0.10080858406921228,0.832753449678421
ksweep_U4_K2,68,0.10424514113614956,0.8437689745426178
ksweep_U4_K2,69,0.10488839397827784,0.838987375497818
ksweep_U4_K2,70,0.10613272945086161,0.8335518038272858
ksweep_U4_K2,71,0.10303026714672645,0.8190343415737152
ksweep_U4_K2,72,0.10356640233347814,0.8320794486999512
ksweep_U4_K2,73,0.09865171874562899,0.8260224318504333
ksweep_U4_K2,74,0.1004856879884998,0.8377268809080124
ksweep_U4_K2,75,0.09781817110876243,0.8419464671611786
ksweep_U4_K2,76,0.0969327836856246,0.8368153929710388
ksweep_U4_K2,77,0.10533614998062452,0.8359159362316132
ksweep_U4_K2,78,0.09609295935680469,0.8382784080505371
ksweep_U4_K2,79,0.09672871472934882,0.8331874823570251
ksweep_U4_K2,80,0.09776843175292015,0.8470194351673126
ksweep_U4_K2,81,0.09926017572482428,0.7967996808886528
ksweep_U4_K2,82,0.0917538704847296,0.8109464916586876
ksweep_U4_K2,83,0.10144155179460844,0.7855258193612099
ksweep_U4_K2,84,0.10099607948213815,0.805059971883893
ksweep_U4_K2,85,0.0945476592456301,0.8387902092933655
ksweep_U4_K2,86,0.10468825423469146,0.8145013636350632
ksweep_U4_K2,87,0.10331796227643887,0.8331233996152878
ksweep_U4_K2,88,0.09064915721615155,0.8340524798631668
ksweep_U4_K2,89,0.09202836894740661,0.8625639688968658
ksweep_U4_K2,90,0.09591017462313176,0.8466683602333069
ksweep_U4_K2,91,0.09633535705506802,0.8506346654891968
ksweep_U4_K2,92,0.09575355308751266,0.840363392829895
ksweep_U4_K2,93,0.0844648630420367,0.8179722738265991
ksweep_U4_K2,94,0.09378988715509573,0.833666353225708
ksweep_U4_K2,95,0.09013062472144763,0.8371807998418808
ksweep_U4_K2,96,0.09453555323183536,0.8462405967712402
ksweep_U4_K2,97,0.09680372561017672,0.831935721039772
ksweep_U4_K2,98,0.09381860091040532,0.8236388349533081
ksweep_U4_K2,99,0.10665811218321324,0.8528635710477829
ksweep_U4_K2,100,0.09485769629478455,0.8489269089698791
ksweep_U4_K2,101,0.09265286397188902,0.8125164276361465
ksweep_U4_K2,102,0.09088008848329385,0.846239550113678
ksweep_U4_K2,103,0.09626975931227207,0.8374464797973633
ksweep_U4_K2,104,0.09383111822108428,0.8396110379695892
ksweep_U4_K2,105,0.08737107483049233,0.8431227040290833
ksweep_U4_K2,106,0.09579702182362478,0.8351441448926926
ksweep_U4_K2,107,0.09028367269784213,0.8593238544464111
ksweep_U4_K2,108,0.08556218698620796,0.8437615156173706
ksweep_U4_K2,109,0.09218388116608063,0.8379772487282753
ksweep_U4_K2,110,0.09187860173483689,0.8502453470230102
ksweep_U4_K2,111,0.08074776619672776,0.8359997069835663
ksweep_U4_K2,112,0.09662404302507639,0.8225894671678543
ksweep_U4_K2,113,0.08866076301783324,0.8538339328765869
ksweep_U4_K2,114,0.09614652826140324,0.8503692853450775
ksweep_U4_K2,115,0.08890057803442081,0.8225640335679054
ksweep_U4_K2,116,0.09662871027986208,0.8524334609508515
ksweep_U4_K2,117,0.09112235204627117,0.8272011491656304
ksweep_U4_K2,118,0.08496317150692145,0.8342563462257385
ksweep_U4_K2,119,0.086840984535714,0.8308289825916291
ksweep_U4_K2,120,0.08277969259768725,0.8371026366949081
ksweep_U4_K2,121,0.094206597879529,0.8409872180223465
ksweep_U4_K2,122,0.09353007636964321,0.8485418599843979
ksweep_U4_K2,123,0.09125373672693968,0.8562119698524475
ksweep_U4_K2,124,0.08508763240029414,0.8493416595458985
ksweep_U4_K2,125,0.0800054336215059,0.8259029343724251
ksweep_U4_K2,126,0.08265239081035057,0.8584240084886551
ksweep_U4_K2,127,0.09208698738366365,0.8285576796531677
ksweep_U4_K2,128,0.08116824436932803,0.8506439363956452
ksweep_U4_K2,129,0.0877668901408712,0.8519488310813904
ksweep_U4_K2,130,0.08641399715095759,0.8457487773895264
ksweep_U4_K2,131,0.09219423556079467,0.8595259690284729
ksweep_U4_K2,132,0.09080829568207265,0.8264209026098251
ksweep_U4_K2,133,0.0854201278835535,0.8563607788085937
ksweep_U4_K2,134,0.0883481893564264,0.8614507150650025
ksweep_U4_K2,135,0.09530197447786729,0.8197511649131775
ksweep_U4_K2,136,0.09250637649248043,0.8171697509288788
ksweep_U4_K2,137,0.09714209297051032,0.8478384155035019
ksweep_U4_K2,138,0.09131951720764239,0.8472486710548401
ksweep_U4_K2,139,0.09614657644182444,0.8438063645362854
ksweep_U4_K2,140,0.08667956763257582,0.834132719039917
ksweep_U4_K2,141,0.08875080481171609,0.860186026096344
ksweep_U4_K2,142,0.08637792084366083,0.8466759133338928
ksweep_U4_K2,143,0.08617289930582046,0.8520562341809272
ksweep_U4_K2,144,0.08575974203646183,0.8553081655502319
ksweep_U4_K2,145,0.09184528563171625,0.8529769361019135
ksweep_U4_K2,146,0.10238451621184746,0.8467955994606018
ksweep_U4_K2,147,0.08881331235170364,0.8251738232374192
ksweep_U4_K2,148,0.0854565648858746,0.8616109848022461
ksweep_U4_K2,149,0.0783508603895704,0.8466872584819793
ksweep_U4_K2,150,0.0930391954506437,0.8313401466608048
ksweep_U4_K2,151,0.08879661049693822,0.8606514889001846
ksweep_U4_K2,152,0.08886938868711391,0.8480654019117355
ksweep_U4_K2,153,0.08170872340599696,0.8403082776069641
ksweep_U4_K2,154,0.08594646729528904,0.8354551546275616
ksweep_U4_K2,155,0.0849056368197004,0.8634666776657105
ksweep_U4_K2,156,0.08415871276209752,0.8312451186776161
ksweep_U4_K2,157,0.09676486841092508,0.8441812980175019
ksweep_U4_K2,158,0.08549945545693238,0.8682783353328705
ksweep_U4_K2,159,0.08250595131268104,0.8565019190311431
ksweep_U4_K2,160,0.09943376120179892,0.8364702665805817
ksweep_U4_K2,161,0.0858230835199356,0.8596886026859284
ksweep_U4_K2,162,0.08212519140293201,0.8298157995939255
ksweep_U4_K2,163,0.08743073596308629,0.8720776188373566
ksweep_U4_K2,164,0.09377117291092872,0.8611108547449112
ksweep_U4_K2,165,0.08741280930737655,0.844947167634964
ksweep_U4_K2,166,0.08325245017806689,0.8532405626773835
ksweep_U4_K2,167,0.08366833535333475,0.8419211286306382
ksweep_U4_K2,168,0.0950926152865092,0.844335709810257
ksweep_U4_K2,169,0.08571650724858046,0.8462840247154236
ksweep_U4_K2,170,0.092393003453811,0.8504978728294372
ksweep_U4_K2,171,0.0835654857630531,0.8497599756717682
ksweep_U4_K2,172,0.09299771040678025,0.8555532015115023
ksweep_U4_K2,173,0.09173072920491299,0.8343631684780121
ksweep_U4_K2,174,0.08800612657020489,0.8698603510856628
ksweep_U4_K2,175,0.08353128178666035,0.8535111939907074
ksweep_U4_K2,176,0.09308037114640078,0.8501703608036041
ksweep_U4_K2,177,0.08063488526890675,0.8371406161785125
ksweep_U4_K2,178,0.0929423926770687,0.8341427981853485
ksweep_U4_K2,179,0.08581452673921983,0.8169770127534867
ksweep_U4_K2,180,0.08379203837364912,0.8546525584161282
ksweep_U4_K2,181,0.08903569026539723,0.8273446488380433
ksweep_U4_K2,182,0.08427347851296266,0.8707444953918457
ksweep_U4_K2,183,0.08107520983864863,0.8622496914863587
ksweep_U4_K2,184,0.08450407496343057,0.8541210407018661
ksweep_U4_K2,185,0.08140060344090064,0.7845517736673355
ksweep_U4_K2,186,0.07950699634850025,0.8240587139129638
ksweep_U4_K2,187,0.08462061124543349,0.8595441699028015
ksweep_U4_K2,188,0.08744393073022366,0.8408111453056335
ksweep_U4_K2,189,0.08821468488623699,0.8466373993456364
ksweep_U4_K2,190,0.08591372326016426,0.8379335963726043
ksweep_U4_K2,191,0.08741046002755562,0.8478415715694427
ksweep_U4_K2,192,0.09012150956938664,0.8377264535427094
ksweep_U4_K2,193,0.07514100907991329,0.8653761792182922
ksweep_U4_K2,194,0.08677546622852485,0.8617569595575333
ksweep_U4_K2,195,0.09458793311069409,0.8572872519493103
ksweep_U4_K2,196,0.09236910048872232,0.8528534030914307
ksweep_U4_K2,197,0.08674486119300127,0.8447662460803985
ksweep_U4_K2,198,0.08617426274965206,0.872301178574562
ksweep_U4_K2,199,0.08259842282781998,0.8258068454265595
ksweep_U4_K2,200,0.08401389752825102,0.8542422354221344
ksweep_U4_K8,1,0.9056586266557376,0.14480195552110672
ksweep_U4_K8,2,0.5382096181313197,0.19776037484407424
ksweep_U4_K8,3,0.4511097694436709,0.29099839806556704
ksweep_U4_K8,4,0.3751738131046295,0.3784027569741011
ksweep_U4_K8,5,0.3215053197244803,0.4413937754929066
ksweep_U4_K8,6,0.29430724774797756,0.5146408039331436
ksweep_U4_K8,7,0.27073074330886204,0.5469110542535782
ksweep_U4_K8,8,0.2533653588593006,0.5993186688423157
ksweep_U4_K8,9,0.2390263209740321,0.5870972743630409
ksweep_U4_K8,10,0.2355286096036434,0.6181046652793885
ksweep_U4_K8,11,0.21550799002250035,0.6607410836219788
ksweep_U4_K8,12,0.2181558441122373,0.6495565867424011
ksweep_U4_K8,13,0.21427383589247861,0.6610853189229965
ksweep_U4_K8,14,0.20630392260849476,0.674838341474533
ksweep_U4_K8,15,0.21129381813108922,0.6849221026897431
ksweep_U4_K8,16,0.19010779735942682,0.7028061312437057
ksweep_U4_K8,17,0.19039273825784525,0.7018985593318939
ksweep_U4_K8,18,0.166203092460831,0.7250289011001587
ksweep_U4_K8,19,0.16811875040332477,0.7061227121949196
ksweep_U4_K8,20,0.15953469969332218,0.7324462929368019
ksweep_U4_K8,21,0.14910773947834968,0.7442295104265213
ksweep_U4_K8,22,0.15834931035836539,0.7282131838798523
ksweep_U4_K8,23,0.1435841931651036,0.7504073631763458
ksweep_U4_K8,24,0.13911633454263211,0.780753573179245
ksweep_U4_K8,25,0.13384623698890208,0.7748549628257752
ksweep_U4_K8,26,0.12868625563879807,0.7810687363147736
ksweep_U4_K8,27,0.12249322983125846,0.7754013049602508
ksweep_U4_K8,28,0.1253189155459404,0.7960512554645538
ksweep_U4_K8,29,0.13068129723270736,0.8001128780841827
ksweep_U4_K8,30,0.11832350045442581,0.7820498150587082
ksweep_U4_K8,31,0.12755224687357744,0.7853722715377808
ksweep_U4_K8,32,0.11533170198400815,0.7780159914493561
ksweep_U4_K8,33,0.11374622277915478,0.790431740283966
ksweep_U4_K8,34,0.11662822097539902,0.7981144905090332
ksweep_U4_K8,35,0.10825558205445608,0.8224085009098053
ksweep_U4_K8,36,0.10505581088364124,0.8191986489295959
ksweep_U4_K8,37,0.11539238636692364,0.8039487314224243
ksweep_U4_K8,38,0.11596274678905805,0.8126605296134949
ksweep_U4_K8,39,0.11396817487974961,0.8042446255683899
ksweep_U4_K8,40,0.10086538995305697,0.8287322413921356
ksweep_U4_K8,41,0.10345877793927988,0.8050078082084656
ksweep_U4_K8,42,0.10094087822983662,0.8347972500324249
ksweep_U4_K8,43,0.09791298064092795,0.8502706503868103
ksweep_U4_K8,44,0.10063030195732911,0.8180145812034607
ksweep_U4_K8,45,0.10226238923768202,0.8136087721586227
ksweep_U4_K8,46,0.09456000148008267,0.8354562675952911
ksweep_U4_K8,47,0.09673961207270622,0.835016485452652
ksweep_U4_K8,48,0.10087534212817749,0.8443946444988251
ksweep_U4_K8,49,0.09380217877527078,0.817574844956398
ksweep_U4_K8,50,0.08874046262353659,0.837830847799778
ksweep_U4_K8,51,0.09302524858464797,0.8470447796583176
ksweep_U4_K8,52,0.0923154142126441,0.8586102068424225
ksweep_U4_K8,53,0.08909448873251677,0.855471304655075
ksweep_U4_K8,54,0.08591228029380242,0.8551709175109863
ksweep_U4_K8,55,0.0845427021632592,0.8516196441650391
ksweep_U4_K8,56,0.08710166923701763,0.8237351110577583
ksweep_U4_K8,57,0.07921251169095436,0.8358480441570282
ksweep_U4_K8,58,0.08763226802150409,0.8594234263896943
ksweep_U4_K8,59,0.09092914043615262,0.8511598312854767
ksweep_U4_K8,60,0.08436514765024185,0.8408163779973984
ksweep_U4_K8,61,0.07919507399201393,0.8580087113380432
ksweep_U4_K8,62,0.08259006358683109,0.8612416756153106
ksweep_U4_K8,63,0.08318369294206301,0.8549457150697708
ksweep_U4_K8,64,0.09011433452367783,0.83611024312675
ksweep_U4_K8,65,0.08054743874818086,0.8645057618618012
ksweep_U4_K8,66,0.09531698339929183,0.8485213351249695
ksweep_U4_K8,67,0.08233539938926697,0.8719578742980957
ksweep_U4_K8,68,0.0853886249785622,0.8744328379631042
ksweep_U4_K8,69,0.08241648080448309,0.875828572511673
ksweep_U4_K8,70,0.0837856805200378,0.8689071428775788
ksweep_U4_K8,71,0.08383354565749566,0.8622570908069611
ksweep_U4_K8,72,0.07855938374996185,0.8712755954265594
ksweep_U4_K8,73,0.07631925124675036,0.8694667303562165
ksweep_U4_K8,74,0.08215179360161225,0.874367938041687
ksweep_U4_K8,75,0.07602301092197497,0.8779774105548859
ksweep_U4_K8,76,0.07590537817527851,0.8759918546676636
ksweep_U4_K8,77,0.08578318304071823,0.8741215312480927
ksweep_U4_K8,78,0.07495234306901694,0.8779499959945679
ksweep_U4_K8,79,0.07511116734395425,0.874980412721634
ksweep_U4_K8,80,0.07359048870702585,0.8806031453609466
ksweep_U4_K8,81,0.07574076364437739,0.8530176603794097
ksweep_U4_K8,82,0.07354667170594135,0.8496369233354926
ksweep_U4_K8,83,0.07977715205401183,0.8438520616292954
ksweep_U4_K8,84,0.07767904462913672,0.8579996275901794
ksweep_U4_K8,85,0.07306316826492548,0.8823125481605529
ksweep_U4_K8,86,0.08063924932231506,0.8604366385936737
ksweep_U4_K8,87,0.07941570052256187,0.8796535360813141
ksweep_U4_K8,88,0.07037146670122942,0.877091736793518
ksweep_U4_K8,89,0.07277612779289484,0.8924987232685089
ksweep_U4_K8,90,0.07382820052405198,0.8891974520683289
ksweep_U4_K8,91,0.07242244633535544,0.8773916971683502
ksweep_U4_K8,92,0.07055483787010114,0.8872446823120117
ksweep_U4_K8,93,0.06400105815380812,0.8763084411621094
ksweep_U4_K8,94,0.06955577460428079,0.8756417655944824
ksweep_U4_K8,95,0.06630805789182584,0.8857016754150391
ksweep_U4_K8,96,0.06927413153151671,0.889344265460968
ksweep_U4_K8,97,0.07117983970791102,0.8799382770061492
ksweep_U4_K8,98,0.069601579879721,0.8788051414489746
ksweep_U4_K8,99,0.08121403108040491,0.8869745171070099
ksweep_U4_K8,100,0.07121826644986867,0.8904147458076477
ksweep_U4_K8,101,0.06758981498579185,0.8744597399234771
ksweep_U4_K8,102,0.0660838728149732,0.8856892132759094
ksweep_U4_K8,103,0.07195309599240621,0.8863906908035278
ksweep_U4_K8,104,0.07088594405601421,0.8860999989509583
ksweep_U4_K8,105,0.06380451584855716,0.8877053582668304
ksweep_U4_K8,106,0.06783565691361824,0.8851012969017029
ksweep_U4_K8,107,0.06668682494511206,0.8969435095787048
ksweep_U4_K8,108,0.061052462222675484,0.893173416852951
ksweep_U4_K8,109,0.06644196577370166,0.8841525900363922
ksweep_U4_K8,110,0.06821226362138987,0.8963776957988739
ksweep_U4_K8,111,0.05819332477947076,0.8871398639678955
ksweep_U4_K8,112,0.06729819465428591,0.8841419899463654
ksweep_U4_K8,113,0.06393561575561763,0.8981534719467164
ksweep_U4_K8,114,0.06954481519758701,0.894148246049881
ksweep_U4_K8,115,0.06324240155518054,0.8781186798214913
ksweep_U4_K8,116,0.06763139971842369,0.8978351616859436
ksweep_U4_K8,117,0.06392560981214046,0.8749086359143257
ksweep_U4_K8,118,0.05999079488217831,0.8881112337112427
ksweep_U4_K8,119,0.06106369633227587,0.8874958670139312
ksweep_U4_K8,120,0.058806434472401935,0.8915506744384766
ksweep_U4_K8,121,0.06604992906252544,0.8940578460693359
ksweep_U4_K8,122,0.06785252700249354,0.8932301735877991
ksweep_U4_K8,123,0.0642332507421573,0.9022817242145539
ksweep_U4_K8,124,0.06181659350792567,0.897399959564209
ksweep_U4_K8,125,0.05708438781400522,0.8783303087949753
ksweep_U4_K8,126,0.057121359184384345,0.9009153199195862
ksweep_U4_K8,127,0.06527048146973054,0.8831640613079071
ksweep_U4_K8,128,0.05757945045207938,0.8915250051021576
ksweep_U4_K8,129,0.06459915784498056,0.8988732278347016
ksweep_U4_K8,130,0.060271889207263785,0.8965923565626145
ksweep_U4_K8,131,0.06430984674642483,0.9036692690849304
ksweep_U4_K8,132,0.06296685744076967,0.8833263027667999
ksweep_U4_K8,133,0.05906123735010624,0.906658753156662
ksweep_U4_K8,134,0.060380770328144234,0.9032603764533996
ksweep_U4_K8,135,0.0653337479631106,0.8800041675567627
ksweep_U4_K8,136,0.06329710301011801,0.8810721051692962
ksweep_U4_K8,137,0.0687882800027728,0.8977325248718262
ksweep_U4_K8,138,0.06606996099154154,0.8977568221092224
ksweep_U4_K8,139,0.07091397465517124,0.8990288472175598
ksweep_U4_K8,140,0.061033712377150856,0.8887503528594971
ksweep_U4_K8,141,0.06173116430019339,0.9057873690128326
ksweep_U4_K8,142,0.05805948089808226,0.8989790976047516
ksweep_U4_K8,143,0.062088175552586715,0.8958301329612732
ksweep_U4_K8,144,0.06299179340402285,0.9008209252357483
ksweep_U4_K8,145,0.061350814662873746,0.8992816627025604
ksweep_U4_K8,146,0.07129014956454437,0.8933068937063218
ksweep_U4_K8,147,0.05922947327295939,0.8875523293018341
ksweep_U4_K8,148,0.058743422304590544,0.9087034142017365
ksweep_U4_K8,149,0.05365050503363212,0.9008837950229645
ksweep_U4_K8,150,0.06528565046067039,0.8931292915344238
ksweep_U4_K8,151,0.06145749616126219,0.9017834395170212
ksweep_U4_K8,152,0.057758899840215844,0.9042956697940826
ksweep_U4_K8,153,0.055275807498643796,0.898910779953003
ksweep_U4_K8,154,0.05759435186783473,0.8901219570636749
ksweep_U4_K8,155,0.05811088979244232,0.9092967796325684
ksweep_U4_K8,156,0.05646449295183023,0.8890249174833298
ksweep_U4_K8,157,0.06624692839880784,0.8962157070636749
ksweep_U4_K8,158,0.05777500802030166,0.9091905558109283
ksweep_U4_K8,159,0.054899529907852414,0.9077347242832183
ksweep_U4_K8,160,0.07257638490448395,0.8866584998369217
ksweep_U4_K8,161,0.05910477069516977,0.9079533159732819
ksweep_U4_K8,162,0.05490457229316235,0.8899448657035828
ksweep_U4_K8,163,0.05927077488352855,0.9157661306858063
ksweep_U4_K8,164,0.061234063412994144,0.9081009709835053
ksweep_U4_K8,165,0.058401169025649624,0.9088610064983368
ksweep_U4_K8,166,0.05596535040686528,0.9034928441047668
ksweep_U4_K8,167,0.05658535342663527,0.9025177705287933
ksweep_U4_K8,168,0.06358760938669245,0.9037853395938873
ksweep_U4_K8,169,0.05779374474659562,0.9033541476726532
ksweep_U4_K8,170,0.06057413284356395,0.9018801701068878
ksweep_U4_K8,171,0.055292547773569824,0.9045819485187531
ksweep_U4_K8,172,0.0627031614134709,0.9029250222444535
ksweep_U4_K8,173,0.06170441766579946,0.8957373142242432
ksweep_U4_K8,174,0.05854928052052855,0.9199805223941803
ksweep_U4_K8,175,0.05593875746553143,0.9085649216175079
ksweep_U4_K8,176,0.06237931857506434,0.9049270796775818
ksweep_U4_K8,177,0.05370169018705686,0.8995354497432708
ksweep_U4_K8,178,0.06033039728179574,0.8992845773696899
ksweep_U4_K8,179,0.05774352057526509,0.8796227151155471
ksweep_U4_K8,180,0.054719949588179585,0.9022358319163323
ksweep_U4_K8,181,0.05886633801584443,0.8944212543964386
ksweep_U4_K8,182,0.056723367795348166,0.9183545005321503
ksweep_U4_K8,183,0.05389235143860181,0.9145777153968812
ksweep_U4_K8,184,0.05434781525904934,0.9037406289577484
ksweep_U4_K8,185,0.05270475616057714,0.859280806183815
ksweep_U4_K8,186,0.05099152284363906,0.8925593239068985
ksweep_U4_K8,187,0.05328860036407908,0.9090408945083618
ksweep_U4_K8,188,0.05774141053979596,0.899643816947937
ksweep_U4_K8,189,0.05669448666274548,0.8963703468441964
ksweep_U4_K8,190,0.05635378524661064,0.9048193180561066
ksweep_U4_K8,191,0.05663406585653623,0.9016934025287628
ksweep_U4_K8,192,0.05956889418885112,0.8937444281578064
ksweep_U4_K8,193,0.04920765579367677,0.9178553056716919
ksweep_U4_K8,194,0.057398637160658836,0.913323745727539
ksweep_U4_K8,195,0.06257005994518598,0.9078979921340943
ksweep_U4_K8,196,0.05865039240568876,0.9069777452945709
ksweep_U4_K8,197,0.05573425911987821,0.9037636148929596
ksweep_U4_K8,198,0.05601406521474322,0.9183319938182831
ksweep_U4_K8,199,0.05410958015670379,0.8899560230970383
ksweep_U4_K8,200,0.05469802066683769,0.9093209850788116
randmask_U4_K4,1,0.6058256656924883,0.2551950803399086
randmask_U4_K4,2,0.3992580895622571,0.48834130465984343
randmask_U4_K4,3,0.3027548609673977,0.5660305750370026
randmask_U4_K4,4,0.27035876135031384,0.5862513198703527
randmask_U4_K4,5,0.24880486677090327,0.5991120046377182
randmask_U4_K4,6,0.24916560858488082,0.6267098325490952
randmask_U4_K4,7,0.23734420493245126,0.6506164795160294
randmask_U4_K4,8,0.23274226119120917,0.6772668397426606
randmask_U4_K4,9,0.21225443656245868,0.6523945161700249
randmask_U4_K4,10,0.23026750907301902,0.6632669275999069
randmask_U4_K4,11,0.214665048122406,0.6714160299301147
randmask_U4_K4,12,0.20784049396713575,0.6786629289388657
randmask_U4_K4,13,0.20387137840191524,0.6915179812908172
randmask_U4_K4,14,0.2051204134027163,0.6959828525781632
randmask_U4_K4,15,0.21370350097616514,0.6975466686487198
randmask_U4_K4,16,0.1918887465943893,0.7352232217788697
randmask_U4_K4,17,0.18349797688424588,0.7076906350255012
randmask_U4_K4,18,0.1733345307658116,0.7181156519055366
randmask_U4_K4,19,0.17033169023692607,0.6914708137512207
randmask_U4_K4,20,0.16071120508015155,0.7362683953344822
randmask_U4_K4,21,0.15546140678226947,0.7334907209873199
randmask_U4_K4,22,0.15264307834208013,0.75215835750103
randmask_U4_K4,23,0.14895264801879723,0.7318324279785157
randmask_U4_K4,24,0.15016385088364284,0.7633327710628509
randmask_U4_K4,25,0.1427142913887898,0.7632246786355972
randmask_U4_K4,26,0.139481631492575,0.76471360206604
randmask_U4_K4,27,0.13083289206027984,0.7596028077602387
randmask_U4_K4,28,0.1346999615430832,0.7765359473228455
randmask_U4_K4,29,0.14043129732211432,0.7848448520898819
randmask_U4_K4,30,0.12833386513094108,0.7631420779228211
randmask_U4_K4,31,0.13338862178226313,0.7643242955207825
randmask_U4_K4,32,0.12268976065019767,0.767386583685875
randmask_U4_K4,33,0.11939358331263066,0.7746077942848205
randmask_U4_K4,34,0.12245395888884862,0.7835212379693985
randmask_U4_K4,35,0.11615115692218145,0.8110823822021485
randmask_U4_K4,36,0.11448136713355779,0.8002822434902191
randmask_U4_K4,37,0.12185555959741275,0.80421395778656
randmask_U4_K4,38,0.12059627339243889,0.8014197635650635
randmask_U4_K4,39,0.11651879228651524,0.7780384814739227
randmask_U4_K4,40,0.10824396601567665,0.8181372797489166
randmask_U4_K4,41,0.11032144950081904,0.7924883204698563
randmask_U4_K4,42,0.10880178637802601,0.8143567180633545
randmask_U4_K4,43,0.10727284436424574,0.8389635181427002
randmask_U4_K4,44,0.10729189534982045,0.8051501560211182
randmask_U4_K4,45,0.10961464919149876,0.7974868977069854
randmask_U4_K4,46,0.10298840553810198,0.821997900903225
randmask_U4_K4,47,0.10422270418455204,0.8254719734191894
randmask_U4_K4,48,0.10811719346791505,0.8346705484390259
randmask_U4_K4,49,0.10176836104442676,0.7923536157608032
randmask_U4_K4,50,0.09756474333504836,0.8286904925107956
randmask_U4_K4,51,0.10249958078066508,0.8261153507232666
randmask_U4_K4,52,0.10039683878421783,0.8471259021759033
randmask_U4_K4,53,0.09542886147896448,0.8482423686981201
randmask_U4_K4,54,0.09581766631454229,0.8373761105537415
randmask_U4_K4,55,0.09460351211329301,0.8358535978198052
randmask_U4_K4,56,0.09312985713283221,0.811738940179348
randmask_U4_K4,57,0.08801442109048367,0.8144305294752121
randmask_U4_K4,58,0.09441663516064484,0.8440282821655274
randmask_U4_K4,59,0.09798224969456593,0.8361618649959565
randmask_U4_K4,60,0.09446592013041179,0.8200096464157105
randmask_U4_K4,61,0.09039885421593984,0.8417802518606186
randmask_U4_K4,62,0.08912094273914893,0.8548370623588561
randmask_U4_K4,63,0.0906972157706817,0.8413548147678376
randmask_U4_K4,64,0.1000645666072766,0.8266636877506971
randmask_U4_K4,65,0.09105047172556321,0.8453523910045624
randmask_U4_K4,66,0.10543285687764485,0.8321514809131623
randmask_U4_K4,67,0.09197017150620619,0.852917617559433
randmask_U4_K4,68,0.09475338447839021,0.8589364898204803
randmask_U4_K4,69,0.0946031466126442,0.860551826953888
randmask_U4_K4,70,0.09593088111529748,0.8394816815853119
randmask_U4_K4,71,0.09590824538220961,0.8466303050518036
randmask_U4_K4,72,0.09293101763973634,0.8495465385913848
randmask_U4_K4,73,0.08923715098450581,0.8537235856056213
randmask_U4_K4,74,0.0914409152790904,0.8499350297451019
randmask_U4_K4,75,0.08854226034134627,0.8642052042484284
randmask_U4_K4,76,0.08741392087191344,0.8594645392894745
randmask_U4_K4,77,0.0970100355396668,0.8584272205829621
randmask_U4_K4,78,0.08637930491318305,0.8619933164119721
randmask_U4_K4,79,0.08732063565403222,0.8572391819953918
randmask_U4_K4,80,0.08667513407766819,0.8552039301395417
randmask_U4_K4,81,0.0896037123973171,0.827318597137928
randmask_U4_K4,82,0.08474628464629252,0.8385188318043947
randmask_U4_K4,83,0.09246972360958655,0.8101617181301117
randmask_U4_K4,84,0.092853673932453,0.8358300429582596
randmask_U4_K4,85,0.08614751022309065,0.8504450070858002
randmask_U4_K4,86,0.09462287347763777,0.8378289151191711
randmask_U4_K4,87,0.09432836121569077,0.8507204902172089
randmask_U4_K4,88,0.08220486565182607,0.8553444087505341
randmask_U4_K4,89,0.08308585623900096,0.8842778205871582
randmask_U4_K4,90,0.08562069171418746,0.8717882227897644
randmask_U4_K4,91,0.08627400811761618,0.8690251350402832
randmask_U4_K4,92,0.08545594854901234,0.865977305173874
randmask_U4_K4,93,0.07644619145741065,0.8480401313304902
randmask_U4_K4,94,0.08492359085629383,0.8572859597206116
randmask_U4_K4,95,0.08100541149576505,0.8598139572143555
randmask_U4_K4,96,0.08457014605402946,0.8724424517154694
randmask_U4_K4,97,0.08555094090600808,0.8619240343570709
randmask_U4_K4,98,0.08471594914793969,0.8600412905216217
randmask_U4_K4,99,0.09649918225904305,0.8678017544746399
randmask_U4_K4,100,0.08501102545609077,0.8701677316427231
randmask_U4_K4,101,0.08285073529928923,0.8420110213756561
randmask_U4_K4,102,0.08091181320448716,0.8615070044994354
randmask_U4_K4,103,0.0863505360732476,0.8572542798519135
randmask_U4_K4,104,0.08492149873326223,0.864970263838768
randmask_U4_K4,105,0.0771858770524462,0.8686583596467972
randmask_U4_K4,106,0.08480961881577968,0.8542173850536346
randmask_U4_K4,107,0.08211730675150951,0.8775111436843872
randmask_U4_K4,108,0.07685222762326399,0.87034019947052
randmask_U4_K4,109,0.08304493229836225,0.8659379076957703
randmask_U4_K4,110,0.08366684811810653,0.8752690398693085
randmask_U4_K4,111,0.07132221138725678,0.8678398251533508
randmask_U4_K4,112,0.08419093849758306,0.8573454642295837
randmask_U4_K4,113,0.07894712022195259,0.8789489269256592
randmask_U4_K4,114,0.08637079179286956,0.8771430265903473
randmask_U4_K4,115,0.0795242781440417,0.8523589432239532
randmask_U4_K4,116,0.08575303288797538,0.879470397233963
randmask_U4_K4,117,0.08214448111752669,0.8475729024410248
randmask_U4_K4,118,0.07532083060592414,0.8614900851249695
randmask_U4_K4,119,0.07720326075951259,0.8550658643245697
randmask_U4_K4,120,0.0742254167671005,0.8674288630485535
randmask_U4_K4,121,0.08468776915222406,0.8586086153984069
randmask_U4_K4,122,0.08475579760968685,0.8739860892295838
randmask_U4_K4,123,0.08157425057142972,0.8768679487705231
randmask_U4_K4,124,0.07724173153440157,0.8717864525318145
randmask_U4_K4,125,0.07120154709865649,0.8516681283712387
randmask_U4_K4,126,0.0731399189059933,0.876505743265152
randmask_U4_K4,127,0.08390876931448778,0.8540998095273972
randmask_U4_K4,128,0.07372848911831777,0.8702128839492798
randmask_U4_K4,129,0.07969541816661756,0.8739470422267914
randmask_U4_K4,130,0.07785788748413325,0.8685212969779968
randmask_U4_K4,131,0.08320371367037296,0.881274766921997
randmask_U4_K4,132,0.07973206218332052,0.8514331483840942
randmask_U4_K4,133,0.07672808185219765,0.884123969078064
randmask_U4_K4,134,0.07911018090943496,0.8755976510047913
randmask_U4_K4,135,0.08494531985372306,0.8215551936626434
randmask_U4_K4,136,0.08275514819969733,0.8506043863296509
randmask_U4_K4,137,0.08885855296005805,0.8723759663105011
randmask_U4_K4,138,0.08390649057924747,0.8740001749992371
randmask_U4_K4,139,0.08815465929607551,0.8608301293849945
randmask_U4_K4,140,0.07850809109707674,0.8569871026277542
randmask_U4_K4,141,0.07944802448153496,0.8821917116641999
randmask_U4_K4,142,0.07624483093619347,0.8687049794197083
randmask_U4_K4,143,0.07879531557361284,0.8751105833053588
randmask_U4_K4,144,0.07877132459233205,0.8788435715436935
randmask_U4_K4,145,0.08091420667866865,0.8585855066776276
randmask_U4_K4,146,0.09107302063455185,0.8668026196956634
randmask_U4_K4,147,0.07846641500790914,0.8466346377134323
randmask_U4_K4,148,0.07642302608738342,0.8742439901828766
randmask_U4_K4,149,0.06969724118709564,0.8691405165195465
randmask_U4_K4,150,0.08439414563278357,0.8533840084075928
randmask_U4_K4,151,0.07961126467833916,0.8832707798480988
randmask_U4_K4,152,0.07771442746122678,0.8652682107686996
randmask_U4_K4,153,0.07247772035499414,0.8663486552238464
randmask_U4_K4,154,0.07589813902974128,0.852885276004672
randmask_U4_K4,155,0.07700936023145914,0.8864804351329804
randmask_U4_K4,156,0.07367761742323636,0.8513881760835648
randmask_U4_K4,157,0.08810958334555229,0.8687181341648101
randmask_U4_K4,158,0.07720974999169508,0.882606600522995
randmask_U4_K4,159,0.07416967559605837,0.8817462599277497
randmask_U4_K4,160,0.09190745662897826,0.8575790047645568
randmask_U4_K4,161,0.077670774149398,0.8807789385318756
randmask_U4_K4,162,0.07347026638686657,0.8561024257540703
randmask_U4_K4,163,0.07886858941366275,0.8942385828495025
randmask_U4_K4,164,0.08278130369881789,0.8863106369972229
randmask_U4_K4,165,0.07769350204616784,0.8740157270431519
randmask_U4_K4,166,0.07489114234844843,0.8722353494167328
randmask_U4_K4,167,0.07680798343072336,0.8702668356895447
randmask_U4_K4,168,0.08617333268125851,0.8736471617221833
randmask_U4_K4,169,0.07698252813269695,0.8685949265956878
randmask_U4_K4,170,0.08219325099140405,0.8684822046756744
randmask_U4_K4,171,0.07415499173104763,0.8774746084213256
randmask_U4_K4,172,0.0840094868466258,0.8713838946819306
randmask_U4_K4,173,0.08339885870615642,0.864107016324997
randmask_U4_K4,174,0.07887176933387915,0.8951287817955017
randmask_U4_K4,175,0.07468751753369968,0.8748520982265472
randmask_U4_K4,176,0.08426693954815467,0.8783234870433807
randmask_U4_K4,177,0.07196142725646495,0.8574376839399338
randmask_U4_K4,178,0.08288564208894968,0.866363263130188
randmask_U4_K4,179,0.0775369476278623,0.847484968304634
randmask_U4_K4,180,0.07388331218312184,0.8782109579443932
randmask_U4_K4,181,0.08073112888882558,0.8599670958518982
randmask_U4_K4,182,0.07575127291182678,0.89321444272995
randmask_U4_K4,183,0.07269462419052919,0.8878879845142365
randmask_U4_K4,184,0.07507509738206863,0.8751232981681824
randmask_U4_K4,185,0.07249071929603815,0.805834767818451
randmask_U4_K4,186,0.06976330599437157,0.854072967171669
randmask_U4_K4,187,0.0743327617024382,0.8848860716819763
randmask_U4_K4,188,0.07884173185875018,0.8686654448509217
randmask_U4_K4,189,0.07800727259367704,0.8665636181086301
randmask_U4_K4,190,0.07710734301557144,0.8664418053627014
randmask_U4_K4,191,0.07768337136755386,0.8696886956691742
randmask_U4_K4,192,0.08234006501734256,0.8617220079898834
randmask_U4_K4,193,0.06745369162410497,0.8784958291053772
randmask_U4_K4,194,0.07891888818393152,0.8820159101486206
randmask_U4_K4,195,0.08602988248070081,0.8759003782272339
randmask_U4_K4,196,0.0815339374790589,0.8721657526493073
randmask_U4_K4,197,0.07660173633446296,0.8613133299350738
randmask_U4_K4,198,0.07701091891775529,0.8933275711536407
randmask_U4_K4,199,0.07405484943340222,0.8560892403125763
randmask_U4_K4,200,0.07592851452529431,0.8780684018135071
maml_U4_K4,1,0.347180661658446,0.6674789857864379
maml_U4_K4,2,0.1912693562110265,0.7291412144899369
maml_U4_K4,3,0.15873278553287187,0.7526404225826263
maml_U4_K4,4,0.13501812311510245,0.7881535744667053
maml_U4_K4,5,0.12952661002675692,0.8042059469223023
maml_U4_K4,6,0.12153568876286348,0.7986020350456238
maml_U4_K4,7,0.11425387337803841,0.7717742845416069
maml_U4_K4,8,0.10574387843410174,0.7908158744871616
maml_U4_K4,9,0.10321336927513282,0.8219768524169921
maml_U4_K4,10,0.1019710648804903,0.8365928137302399
maml_U4_K4,11,0.10162908720473449,0.8388471049070358
maml_U4_K4,12,0.09577510217825572,0.8191514974832534
maml_U4_K4,13,0.09287847730020682,0.8561204588413238
maml_U4_K4,14,0.09109912091245254,0.8374350219964981
maml_U4_K4,15,0.08507742977390687,0.8562416428327561
maml_U4_K4,16,0.0879564349229137,0.8456258523464203
maml_U4_K4,17,0.08163816146552563,0.8460798025131225
maml_U4_K4,18,0.08229330350955327,0.86588618516922
maml_U4_K4,19,0.0845397329578797,0.8721793913841247
maml_U4_K4,20,0.08092511302481095,0.8561173504590989
maml_U4_K4,21,0.08120464857667685,0.8401504355669022
maml_U4_K4,22,0.08126198668032884,0.8509479666501284
maml_U4_K4,23,0.07804853667815527,0.8785204446315765
maml_U4_K4,24,0.07609201104690631,0.86483318567276
maml_U4_K4,25,0.07598206852873167,0.8717848980426788
maml_U4_K4,26,0.07832555880149206,0.8852622294425965
maml_U4_K4,27,0.07592952768007914,0.8670868106931447
maml_U4_K4,28,0.06981492542972167,0.8823939228057861
maml_U4_K4,29,0.07513651949663958,0.8696787881851197
maml_U4_K4,30,0.07211239206294219,0.8761047744750976
maml_U4_K4,31,0.07348314709961415,0.8663457572460175
maml_U4_K4,32,0.06740227668235699,0.8875419104099274
maml_U4_K4,33,0.06896881471077601,0.8832177627086639
maml_U4_K4,34,0.06973387375473976,0.8715093851089477
maml_U4_K4,35,0.07279471756269534,0.8768700444698334
maml_U4_K4,36,0.06954974664996068,0.8744914346933365
maml_U4_K4,37,0.06513074573129415,0.8552892456948757
maml_U4_K4,38,0.06821217079957326,0.8575939983129501
maml_U4_K4,39,0.06895586952567101,0.885354814529419
maml_U4_K4,40,0.06837361524502436,0.902871060371399
maml_U4_K4,41,0.0695795868212978,0.8672026062011718
maml_U4_K4,42,0.06484686940908432,0.8785058814287185
maml_U4_K4,43,0.06569138797620933,0.884719272851944
maml_U4_K4,44,0.06935486963639657,0.8996051704883575
maml_U4_K4,45,0.06852079566568137,0.8581017335131764
maml_U4_K4,46,0.06446548363814751,0.885093686580658
maml_U4_K4,47,0.06660651908566555,0.8931955361366272
maml_U4_K4,48,0.06689475371191898,0.8788793689012527
maml_U4_K4,49,0.06883925980577867,0.8847301614284515
maml_U4_K4,50,0.06644983464231094,0.8881922328472137
maml_U4_K4,51,0.06345771664132674,0.8972983181476593
maml_U4_K4,52,0.06615093978742759,0.8840864717960357
maml_U4_K4,53,0.06907331595818202,0.8543579384684563
maml_U4_K4,54,0.06432705669353406,0.895258252620697
maml_U4_K4,55,0.06289806500077248,0.8874963986873626
maml_U4_K4,56,0.06306906161208947,0.8789660966396332
maml_U4_K4,57,0.06752436416844528,0.8959590780735016
maml_U4_K4,58,0.06273605408146977,0.8807716703414917
maml_U4_K4,59,0.06302976477891206,0.8806799697875977
maml_U4_K4,60,0.06588331282138825,0.8789728343486786
maml_U4_K4,61,0.06697040955846509,0.8755217003822326
maml_U4_K4,62,0.062414545509964225,0.8960570645332336
maml_U4_K4,63,0.06492822784930467,0.8980268394947052
maml_U4_K4,64,0.06153772965694467,0.901022652387619
maml_U4_K4,65,0.06359387616316478,0.9040249085426331
maml_U4_K4,66,0.06322578493505716,0.8944150793552399
maml_U4_K4,67,0.060595027717451254,0.8809969422221183
maml_U4_K4,68,0.06323700847725074,0.8813454872369766
maml_U4_K4,69,0.06087411317974329,0.9108588981628418
maml_U4_K4,70,0.06361715166519086,0.885237272977829
maml_U4_K4,71,0.0635665551573038,0.8904194885492325
maml_U4_K4,72,0.061909055610497796,0.9017153036594391
maml_U4_K4,73,0.06292358008523782,0.8749380546808243
maml_U4_K4,74,0.06311579821631312,0.8989422404766083
maml_U4_K4,75,0.06114253191277385,0.9062247610092163
maml_U4_K4,76,0.060828589896361036,0.9001686489582061
maml_U4_K4,77,0.059930589211483795,0.905405660867691
maml_U4_K4,78,0.06193341887245576,0.9080164724588394
maml_U4_K4,79,0.062160956375300884,0.8956769406795502
maml_U4_K4,80,0.06158141873156031,0.8823472857475281
maml_U4_K4,81,0.06530665542930364,0.8760757386684418
maml_U4_K4,82,0.05926208153367043,0.8954898631572723
maml_U4_K4,83,0.061040744539350274,0.907802814245224
maml_U4_K4,84,0.06141057714819908,0.8774421507120133
maml_U4_K4,85,0.06121569071585933,0.8818982446193695
maml_U4_K4,86,0.059501851294189695,0.8768142686784267
maml_U4_K4,87,0.0585340823729833,0.9035246849060059
maml_U4_K4,88,0.06246193833028277,0.8880421733856201
maml_U4_K4,89,0.06183506472657124,0.8842078185081482
maml_U4_K4,90,0.06003163664912184,0.8583147084712982
maml_U4_K4,91,0.06091472054521243,0.8950321102142333
maml_U4_K4,92,0.0582855790729324,0.8910864424705506
maml_U4_K4,93,0.06263010493169228,0.9183994114398957
maml_U4_K4,94,0.06162825327987472,0.8871576887369156
maml_U4_K4,95,0.06012369084482392,0.8866325067728758
maml_U4_K4,96,0.06130947245284915,0.90106480717659
maml_U4_K4,97,0.05936279881124695,0.891837739944458
maml_U4_K4,98,0.0629557420189182,0.915923398733139
maml_U4_K4,99,0.0618315962019066,0.8757787422835827
maml_U4_K4,100,0.05969622302179535,0.8918877822160721
maml_U4_K4,101,0.06222052160650492,0.9066294187307358
maml_U4_K4,102,0.06122479104747375,0.9031127697229385
maml_U4_K4,103,0.05998631183058024,0.9100687837600708
maml_U4_K4,104,0.0562245948985219,0.9131271374225617
maml_U4_K4,105,0.0596575552970171,0.9208973050117493
maml_U4_K4,106,0.05951523259282112,0.9000885504484176
maml_U4_K4,107,0.057494584942857425,0.890507447719574
maml_U4_K4,108,0.061197938149174055,0.9088888967037201
maml_U4_K4,109,0.06050293229520321,0.8979409223794937
maml_U4_K4,110,0.059167663448800645,0.8872812363505364
maml_U4_K4,111,0.059143187453349434,0.8765482914447784
maml_U4_K4,112,0.05801537095879515,0.8725876677036285
maml_U4_K4,113,0.057768741951634485,0.9133382189273834
maml_U4_K4,114,0.0603083465496699,0.9023887312412262
maml_U4_K4,115,0.05926162352785468,0.8981406497955322
maml_U4_K4,116,0.05854566838592291,0.9016434347629547
maml_U4_K4,117,0.060019834507256745,0.8902886468172073
maml_U4_K4,118,0.056928507505605616,0.9126162457466126
maml_U4_K4,119,0.06094560339426001,0.9074133837223053
maml_U4_K4,120,0.05611554245154063,0.8819147700071335
maml_U4_K4,121,0.05700444053237637,0.8959433013200759
maml_U4_K4,122,0.057158300386120874,0.9016379988193512
maml_U4_K4,123,0.057158270720392465,0.9029345726966858
maml_U4_K4,124,0.059448498419175544,0.9155908727645874
maml_U4_K4,125,0.057027829711635905,0.894234631061554
maml_U4_K4,126,0.060988670798639455,0.9113045048713684
maml_U4_K4,127,0.05857364385078351,0.8985288333892822
maml_U4_K4,128,0.057526498871545,0.904493374824524
maml_U4_K4,129,0.0577699143315355,0.8860013415664434
maml_U4_K4,130,0.058309779074043035,0.8975658836960793
maml_U4_K4,131,0.05819774687290192,0.9094587242603303
maml_U4_K4,132,0.05668983055278659,0.9185854208469391
maml_U4_K4,133,0.05917788553982973,0.913663010597229
maml_U4_K4,134,0.056168752977003654,0.8843231606483459
maml_U4_K4,135,0.057528384346514944,0.9002045920491218
maml_U4_K4,136,0.05734206473454833,0.9004510939121246
maml_U4_K4,137,0.05884506732225418,0.9019409251213074
maml_U4_K4,138,0.05875106554478407,0.9159722626209259
maml_U4_K4,139,0.057351783849298954,0.9214603698253632
maml_U4_K4,140,0.05936886308093866,0.9023199164867401
maml_U4_K4,141,0.058554306942969564,0.9104640686511993
maml_U4_K4,142,0.057907492673645415,0.9137247586250306
maml_U4_K4,143,0.05875451952839891,0.911284122467041
maml_U4_K4,144,0.056044043054183326,0.9136769771575928
maml_U4_K4,145,0.057408322015156346,0.8994602972269058
maml_U4_K4,146,0.054928214363753794,0.8856786954402923
maml_U4_K4,147,0.06166764620070656,0.9084132528305053
maml_U4_K4,148,0.05586407000819842,0.8944405746459961
maml_U4_K4,149,0.058174109868705276,0.9003259587287903
maml_U4_K4,150,0.056686398132393755,0.9154242289066314
maml_U4_K4,151,0.057066755574196576,0.8862654757499695
maml_U4_K4,152,0.06054938119525711,0.9027680218219757
maml_U4_K4,153,0.05890118570377429,0.9064050090312957
maml_U4_K4,154,0.05863133604327837,0.9143863320350647
maml_U4_K4,155,0.055818982577572264,0.8914957356452942
maml_U4_K4,156,0.05651145507271091,0.9064448535442352
maml_U4_K4,157,0.057413207062830526,0.917745246887207
maml_U4_K4,158,0.057341976873576644,0.9180983185768128
maml_U4_K4,159,0.05703713780269027,0.9121588158607483
maml_U4_K4,160,0.055108490909139315,0.908167668581009
maml_U4_K4,161,0.05911288674299916,0.9260145449638366
maml_U4_K4,162,0.058570109282930695,0.8931322938203812
maml_U4_K4,163,0.059064309063057104,0.8921014630794525
maml_U4_K4,164,0.05771400617435574,0.9037470340728759
maml_U4_K4,165,0.05703908216829101,0.8964817714691162
maml_U4_K4,166,0.05682400370016694,0.8773815631866455
maml_U4_K4,167,0.055864170299222075,0.9239883756637574
maml_U4_K4,168,0.05574871453767021,0.9026257109642029
maml_U4_K4,169,0.05973105976358056,0.9212580561637879
maml_U4_K4,170,0.06022630803907911,0.8892207658290863
maml_U4_K4,171,0.058311831951141355,0.895075591802597
maml_U4_K4,172,0.057540056593716145,0.9153809571266174
maml_U4_K4,173,0.054455397712687655,0.8854192155599594
maml_U4_K4,174,0.058940058406442404,0.8971073055267333
maml_U4_K4,175,0.05843853751197457,0.9041001558303833
maml_U4_K4,176,0.05517144606138269,0.9085355186462403
maml_U4_K4,177,0.059290977772325275,0.9094771349430084
maml_U4_K4,178,0.056190765866388874,0.9030066549777984
maml_U4_K4,179,0.056464395901809135,0.9123006230592727
maml_U4_K4,180,0.05538234657297532,0.9077048182487488
maml_U4_K4,181,0.05595545856282115,0.8919452553987504
maml_U4_K4,182,0.055694892623772224,0.9106463146209717
maml_U4_K4,183,0.05814829781030615,0.9175250649452209
maml_U4_K4,184,0.05402054039140542,0.9036714816093445
maml_U4_K4,185,0.05257933370769024,0.9189139720797539
maml_U4_K4,186,0.055470578782260416,0.888362283706665
maml_U4_K4,187,0.0559336483416458,0.9142243540287018
maml_U4_K4,188,0.052822023338327806,0.9021332085132598
maml_U4_K4,189,0.05794630116472642,0.8836475789546967
maml_U4_K4,190,0.057831147716691095,0.8896427758969366
maml_U4_K4,191,0.05551995169992248,0.910464973449707
maml_U4_K4,192,0.0587499779338638,0.8983820521831513
maml_U4_K4,193,0.056003091198702656,0.9178202056884766
maml_U4_K4,194,0.05283610003689925,0.8803808227181434
maml_U4_K4,195,0.05683939188097914,0.8877619311213494
maml_U4_K4,196,0.056646550074219704,0.9134135127067566
maml_U4_K4,197,0.05699920096124212,0.9124213397502899
maml_U4_K4,198,0.05802678605541587,0.9301233863830567
maml_U4_K4,199,0.05340776601185401,0.9161906111240387
maml_U4_K4,200,0.06185819224764903,0.8950871896743774
distil_U4_K4,1,0.5737748351693154,0.3044210688769817
distil_U4_K4,2,0.33772357741991677,0.5662724024057388
distil_U4_K4,3,0.23442394057909646,0.6580507552623749
distil_U4_K4,4,0.20162310960392157,0.6746243312954903
distil_U4_K4,5,0.18099623513718446,0.6934603416919708
distil_U4_K4,6,0.1732027048120896,0.7287336075305939
distil_U4_K4,7,0.16413187861442566,0.7514267838001252
distil_U4_K4,8,0.15563392323752245,0.7761549627780915
distil_U4_K4,9,0.1377391708890597,0.7567306447029114
distil_U4_K4,10,0.15170470863580704,0.7681113362312317
distil_U4_K4,11,0.13898912745217482,0.7787795090675353
distil_U4_K4,12,0.13587666933735212,0.7844145238399506
distil_U4_K4,13,0.13303596350053945,0.7938983434438706
distil_U4_K4,14,0.132976561759909,0.7926589298248291
distil_U4_K4,15,0.14391625026861826,0.7904727816581726
distil_U4_K4,16,0.1252523825565974,0.8161317312717438
distil_U4_K4,17,0.1212659619251887,0.804002115726471
distil_U4_K4,18,0.1144044986118873,0.8112812542915344
distil_U4_K4,19,0.11646383805821339,0.7798689526319503
distil_U4_K4,20,0.10979110470662515,0.817011411190033
distil_U4_K4,21,0.10461152972032627,0.8189160442352295
distil_U4_K4,22,0.10547147447864215,0.8255974292755127
distil_U4_K4,23,0.10075891502201557,0.8162192678451539
distil_U4_K4,24,0.10344356468568246,0.8383928740024567
distil_U4_K4,25,0.09942354115347067,0.8304884159564971
distil_U4_K4,26,0.09741926393161217,0.8314543247222901
distil_U4_K4,27,0.09231578759849071,0.8242507588863373
distil_U4_K4,28,0.09500364734480779,0.8411745750904083
distil_U4_K4,29,0.10162720465411743,0.8459690070152283
distil_U4_K4,30,0.09105957898000876,0.8219322953373194
distil_U4_K4,31,0.09854868379731974,0.8292932951450348
distil_U4_K4,32,0.09063120021174352,0.8315440011024475
distil_U4_K4,33,0.08928937532007694,0.831700499355793
distil_U4_K4,34,0.09179883028070132,0.8446703469753265
distil_U4_K4,35,0.0875020178531607,0.8629159569740296
distil_U4_K4,36,0.08550585065037013,0.8511275279521943
distil_U4_K4,37,0.09397301544745763,0.8496369838714599
distil_U4_K4,38,0.09479756108174721,0.8475672829151154
distil_U4_K4,39,0.09506464894860983,0.8305972445011139
distil_U4_K4,40,0.084496266754965,0.866479823589325
distil_U4_K4,41,0.08675921541949114,0.832270763516426
distil_U4_K4,42,0.08673518170913061,0.8565342879295349
distil_U4_K4,43,0.0848411075398326,0.877436648607254
distil_U4_K4,44,0.08603057550887266,0.8477721393108368
distil_U4_K4,45,0.08801072946439187,0.8326038274168969
distil_U4_K4,46,0.082754577336212,0.8617983609437943
distil_U4_K4,47,0.08423555529365936,0.8609130418300629
distil_U4_K4,48,0.08779411607732375,0.8711820662021637
distil_U4_K4,49,0.08191726128260295,0.8350317505002022
distil_U4_K4,50,0.0785088695337375,0.8629960536956787
distil_U4_K4,51,0.08271080421904722,0.8586065578460693
distil_U4_K4,52,0.08180556220312914,0.8778803288936615
distil_U4_K4,53,0.07708254965643088,0.8836938881874085
distil_U4_K4,54,0.07737951294829448,0.8734900772571563
distil_U4_K4,55,0.07592512987554073,0.8657929134368897
distil_U4_K4,56,0.07705110400915145,0.8378128084540367
distil_U4_K4,57,0.0705716826270024,0.8510029816627502
distil_U4_K4,58,0.07911189989497264,0.8753958547115326
distil_U4_K4,59,0.08100996317962805,0.870706781744957
distil_U4_K4,60,0.07712184148530166,0.8546418428421021
distil_U4_K4,61,0.07328222654759883,0.8740905117988587
distil_U4_K4,62,0.07339452599485716,0.8860566592216492
distil_U4_K4,63,0.07431211292743684,0.8710399353504181
distil_U4_K4,64,0.08325232692062855,0.8563972845673561
distil_U4_K4,65,0.0745957775041461,0.8782609462738037
distil_U4_K4,66,0.08853821518520515,0.8599822127819061
distil_U4_K4,67,0.07510238151997328,0.882153023481369
distil_U4_K4,68,0.07767899631212155,0.8913702046871186
distil_U4_K4,69,0.07859606092174848,0.8888319432735443
distil_U4_K4,70,0.07850860272844633,0.8812679612636566
distil_U4_K4,71,0.07939339693635702,0.8713595461845398
distil_U4_K4,72,0.07625223970661561,0.8821272432804108
distil_U4_K4,73,0.0724945817515254,0.8801059091091156
distil_U4_K4,74,0.07534932260711988,0.8890638899803162
distil_U4_K4,75,0.07221537635972103,0.8920277535915375
distil_U4_K4,76,0.07110218548526366,0.8871413493156433
distil_U4_K4,77,0.07956548020243645,0.8854686629772186
distil_U4_K4,78,0.07053922427197297,0.8877041637897491
distil_U4_K4,79,0.07144412629306317,0.8888340973854065
distil_U4_K4,80,0.07070674209545057,0.889240015745163
distil_U4_K4,81,0.07376805499196053,0.8578733140230179
distil_U4_K4,82,0.0693467282379667,0.8652320400625467
distil_U4_K4,83,0.07744590569287539,0.8405299699306488
distil_U4_K4,84,0.0762178746672968,0.8657768282294274
distil_U4_K4,85,0.06906486015766859,0.888445188999176
distil_U4_K4,86,0.07750597606102626,0.8732887351512909
distil_U4_K4,87,0.07759152885526419,0.884369649887085
distil_U4_K4,88,0.06662199518332879,0.8869627374410629
distil_U4_K4,89,0.06713667236268521,0.9063009953498841
distil_U4_K4,90,0.06937622827788194,0.8976811921596527
distil_U4_K4,91,0.06963558884958426,0.9008508145809173
distil_U4_K4,92,0.06993609541406234,0.89399653673172
distil_U4_K4,93,0.06047219375769297,0.8760516631603241
distil_U4_K4,94,0.06827311092987656,0.8852005779743195
distil_U4_K4,95,0.06623891306420167,0.891570839881897
distil_U4_K4,96,0.0685107359662652,0.8956202471256256
distil_U4_K4,97,0.07003140285611152,0.8890202081203461
distil_U4_K4,98,0.06849661394953728,0.8833457505702973
distil_U4_K4,99,0.08074536802868049,0.8931348919868469
distil_U4_K4,100,0.06823094459871451,0.8971446359157562
distil_U4_K4,101,0.06657894449929397,0.8717490851879119
distil_U4_K4,102,0.06437491932262977,0.8910555869340897
distil_U4_K4,103,0.07004225812852383,0.8770282125473022
distil_U4_K4,104,0.06887649248043697,0.8893563389778137
distil_U4_K4,105,0.06233450168122848,0.8951854729652404
distil_U4_K4,106,0.06891646811117728,0.8884098780155182
distil_U4_K4,107,0.06584777065863212,0.9012580716609955
distil_U4_K4,108,0.06173901244377097,0.8919324851036072
distil_U4_K4,109,0.06738175589591265,0.8881308257579803
distil_U4_K4,110,0.06767408495768905,0.8991800320148468
distil_U4_K4,111,0.05631962113082409,0.8962774455547333
distil_U4_K4,112,0.06852581911409894,0.8848612916469574
distil_U4_K4,113,0.06326387309779724,0.905212813615799
distil_U4_K4,114,0.07031462222958605,0.8985126829147339
distil_U4_K4,115,0.06329843960081538,0.8765701460838318
distil_U4_K4,116,0.06911832090467214,0.9053766965866089
distil_U4_K4,117,0.06503226343542337,0.8817270320653915
distil_U4_K4,118,0.05999349681660533,0.8881856954097748
distil_U4_K4,119,0.06215599656105041,0.8862890636920929
distil_U4_K4,120,0.058837484313795964,0.8894201993942261
distil_U4_K4,121,0.06855773728961746,0.8950593948364258
distil_U4_K4,122,0.06906629805763563,0.8986593711376191
distil_U4_K4,123,0.0650733406531314,0.9025450682640076
distil_U4_K4,124,0.061537055447697636,0.8995298457145691
distil_U4_K4,125,0.056422542581955594,0.8802679318189621
distil_U4_K4,126,0.05812618852903446,0.9047138214111328
distil_U4_K4,127,0.06738446201508244,0.8824653857946396
distil_U4_K4,128,0.05775647678102056,0.8899842631816864
distil_U4_K4,129,0.06421319290374716,0.9014349257946015
distil_U4_K4,130,0.0619390558389326,0.8972050607204437
distil_U4_K4,131,0.06706860171630978,0.9073112666606903
distil_U4_K4,132,0.06376802030329903,0.8792992061376572
distil_U4_K4,133,0.061685256535808246,0.9087574374675751
distil_U4_K4,134,0.06243705922116836,0.9027982723712921
distil_U4_K4,135,0.06810758921628197,0.8750418710708618
distil_U4_K4,136,0.06631171262512604,0.8794132280349731
distil_U4_K4,137,0.07160996381814282,0.8970270740985871
distil_U4_K4,138,0.06756964963550369,0.893778212070465
distil_U4_K4,139,0.07162792475894093,0.8969755947589875
distil_U4_K4,140,0.06202092358221611,0.8872604244947433
distil_U4_K4,141,0.06370013126482567,0.9088313663005829
distil_U4_K4,142,0.05962865674868226,0.9031707727909088
distil_U4_K4,143,0.06241902324060599,0.898943556547165
distil_U4_K4,144,0.06314756091063221,0.9051000517606735
distil_U4_K4,145,0.06540434857830406,0.9008791875839234
distil_U4_K4,146,0.07343251665433248,0.8883644270896912
distil_U4_K4,147,0.06157370676596959,0.8820066034793854
distil_U4_K4,148,0.061589908953756094,0.9052107810974122
distil_U4_K4,149,0.05446360188225905,0.8954769670963287
distil_U4_K4,150,0.06720874870195985,0.8872925090789795
distil_U4_K4,151,0.06430078060676654,0.900642129778862
distil_U4_K4,152,0.06097358784948786,0.9020229887962341
distil_U4_K4,153,0.05647779295841853,0.8985283052921296
distil_U4_K4,154,0.05852873865514994,0.8857467713579535
distil_U4_K4,155,0.06069417495901386,0.9109997057914734
distil_U4_K4,156,0.057382643967866895,0.8839912980794906
distil_U4_K4,157,0.07023168528452516,0.8969663155078887
distil_U4_K4,158,0.06048364894464612,0.9086497485637665
distil_U4_K4,159,0.058247915829221404,0.9083024930953979
distil_U4_K4,160,0.07447511047745745,0.8824612700939178
distil_U4_K4,161,0.061485581764330464,0.9053974783420563
distil_U4_K4,162,0.056832647603005174,0.8817380833625793
distil_U4_K4,163,0.0618494384859999,0.9174143946170807
distil_U4_K4,164,0.06530544549847643,0.9107401144504547
distil_U4_K4,165,0.0606935225178798,0.9063197469711304
distil_U4_K4,166,0.059008720461279154,0.9039719569683075
distil_U4_K4,167,0.05987642765045166,0.9011488634347916
distil_U4_K4,168,0.06876027706389626,0.8979354131221772
distil_U4_K4,169,0.060088520869612694,0.8958401417732239
distil_U4_K4,170,0.06463455551614364,0.8968344151973724
distil_U4_K4,171,0.05828087965647379,0.9045279407501221
distil_U4_K4,172,0.06684357564896345,0.9013824626803398
distil_U4_K4,173,0.06573417023445169,0.894431608915329
distil_U4_K4,174,0.06170513664061825,0.9172860908508301
distil_U4_K4,175,0.058334593332062167,0.9047897148132324
distil_U4_K4,176,0.06671318624789516,0.90722238779068
distil_U4_K4,177,0.05630576861401399,0.888692842721939
distil_U4_K4,178,0.06541230748097102,0.8917591559886933
distil_U4_K4,179,0.060783795677125455,0.8761735621094704
distil_U4_K4,180,0.05767752496525645,0.9016466400772333
distil_U4_K4,181,0.0627282253280282,0.8915594506263733
distil_U4_K4,182,0.05928068971882264,0.9171058928966522
distil_U4_K4,183,0.05631809414674838,0.9135246896743774
distil_U4_K4,184,0.05880786930521329,0.904795093536377
distil_U4_K4,185,0.056375887605051196,0.8532237470149994
distil_U4_K4,186,0.05339377895618479,0.8848191207647323
distil_U4_K4,187,0.05786821045602361,0.910992146730423
distil_U4_K4,188,0.06169791243349512,0.894604617357254
distil_U4_K4,189,0.0610696539717416,0.8956904916465283
distil_U4_K4,190,0.060521646390358605,0.8944178104400635
distil_U4_K4,191,0.06044133858134349,0.8955114257335662
distil_U4_K4,192,0.0646531292485694,0.890008556842804
distil_U4_K4,193,0.05170894680544734,0.913434669971466
distil_U4_K4,194,0.061662012847761315,0.910254783630371
distil_U4_K4,195,0.06724873591214418,0.9047830140590668
distil_U4_K4,196,0.06382204728821914,0.8956041526794434
distil_U4_K4,197,0.0596815974265337,0.8948008358478546
distil_U4_K4,198,0.06014903919771314,0.9170833659172059
distil_U4_K4,199,0.057745042629539965,0.8879758107662201
distil_U4_K4,200,0.05886582439144453,0.900585207939148
